ID,League,Gender,Country,Season,Match_Date,Matchweek,Home_Team,Home_Formation,Home_Score,Home_xG,Home_Goals,Home_Yellow_Cards,Home_Red_Cards,Away_Team,Away_Formation,Away_Score,Away_xG,Away_Goals,Away_Yellow_Cards,Away_Red_Cards,Game_URL,Team.x,Home_Away,Min,Gls,Ast,PK,PKatt,Sh,SoT,CrdY,CrdR,Touches,Press,Tkl,Int,Blocks,xG_Expected,npxG_Expected,xA_Expected,SCA_SCA,GCA_SCA,Cmp_Passes,Att_Passes,Cmp_percent_Passes,Prog_Passes,Carries_Carries,Prog_Carries,Succ_Dribbles,Att_Dribbles,Date.x,Cmp_Total,Att_Total,Cmp_percent_Total,TotDist_Total,PrgDist_Total,Cmp_Short,Att_Short,Cmp_percent_Short,Cmp_Medium,Att_Medium,Cmp_percent_Medium,Cmp_Long,Att_Long,Cmp_percent_Long,xA,KP,Final_Third,PPA,CrsPA,Prog,Att,Live_Pass_Types,Dead_Pass_Types,FK_Pass_Types,TB_Pass_Types,Press_Pass_Types,Sw_Pass_Types,Crs_Pass_Types,CK_Pass_Types,In_Corner_Kicks,Out_Corner_Kicks,Str_Corner_Kicks,Ground_Height,Low_Height,High_Height,Left_Body_Parts,Right_Body_Parts,Head_Body_Parts,TI_Body_Parts,Other_Body_Parts,Cmp_Outcomes,Off_Outcomes,Out_Outcomes,Int_Outcomes,Blocks_Outcomes,Tkl_Tackles,TklW_Tackles,Def 3rd_Tackles,Mid 3rd_Tackles,Att 3rd_Tackles,Tkl_Vs_Dribbles,Att_Vs_Dribbles,Tkl_percent_Vs_Dribbles,Past_Vs_Dribbles,Press_Pressures,Succ_Pressures,_percent_Pressures,Def 3rd_Pressures,Mid 3rd_Pressures,Att 3rd_Pressures,Blocks_Blocks,Sh_Blocks,ShSv_Blocks,Pass_Blocks,Tkl+Int,Clr,Err,Touches_Touches,Def Pen_Touches,Def 3rd_Touches,Mid 3rd_Touches,Att 3rd_Touches,Att Pen_Touches,Live_Touches,Succ_percent_Dribbles,Player_NumPl_Dribbles,Megs_Dribbles,TotDist_Carries,PrgDist_Carries,Final_Third_Carries,CPA_Carries,Mis_Carries,Dis_Carries,Targ_Receiving,Rec_Receiving,Rec_percent_Receiving,Prog_Receiving,2CrdY,Fls,Fld,Off,Crs,TklW,PKwon,PKcon,OG,Recov,Won_Aerial_Duels,Lost_Aerial_Duels,Won_percent_Aerial_Duels,Player,Nation,Age,SoTA_Shot_Stopping,GA_Shot_Stopping,Saves_Shot_Stopping,Save_percent_Shot_Stopping,PSxG_Shot_Stopping,Cmp_Launched,Att_Launched,Cmp_percent_Launched,Thr_Passes,Launch_percent_Passes,AvgLen_Passes,Att_Goal_Kicks,Launch_percent_Goal_Kicks,AvgLen_Goal_Kicks,Opp_Crosses,Stp_Crosses,Stp_percent_Crosses,Player_NumOPA_Sweeper,AvgDist_Sweeper,Team_Url,Team.y,Date.y,Time,Comp,Round,Day,Venue,Result,GF,GA,Opponent,xG,xGA,Poss,Attendance,Captain,Formation,Referee,Notes
2019-08-11,Premier League,M,ENG,2019-2020,Sunday August 11, 2019,Premier League (Matchweek 1),Manchester United,4-2-3-1,4,2.3,
		
			Marcus Rashford (P) · 18&rsquor; 
		
			Anthony Martial · 65&rsquor; 
		
			Marcus Rashford · 67&rsquor; 
		
			Daniel James · 81&rsquor; 
		
	,3,0,Chelsea,4-2-3-1,0,0.8,
		
	,4,0,https://fbref.com/en/matches/d0583d0d/Manchester-United-Chelsea-August-11-2019-Premier-League,Manchester United,Home,990,4,3,1,1,10,4,3,0,614,230,22,8,16,2.3,1.5,1.5,19,7,393,478,82.2,24,444,34,16,27,2019-08-11,393,478,82.2,7362,2378,167,188,88.8,163,181,90.1,54,81,66.7,1.5,9,16,8,2,24,478,439,39,12,2,110,13,8,3,0,1,2,377,39,62,80,360,9,16,6,393,2,5,8,18,22,15,8,10,4,10,24,41.7,14,230,69,30,61,123,46,16,4,0,12,30,29,0,614,75,247,281,127,28,577,59.3,16,0,2110,1069,10,7,17,9,448,393,87.7,31,0,18,15,2,8,15,1,0,0,91,12,5,70.6,David de Gea,ESP,28-277,7,0,7,100,0.5,4,8,50,5,25,30.9,7,42.9,39.4,9,1,11.1,0,8.3,https://fbref.com/en/squads/cff3d9bb/2019-2020/Chelsea-Stats,Chelsea,2019-08-11,16:30,Premier League,Matchweek 1,Sun,Away,L,0,4,Manchester Utd,0.8,2.3,54,73620,César Azpilicueta,4-2-3-1,Anthony Taylor,
2019-08-11,Premier League,M,ENG,2019-2020,Sunday August 11, 2019,Premier League (Matchweek 1),Manchester United,4-2-3-1,4,2.3,
		
			Marcus Rashford (P) · 18&rsquor; 
		
			Anthony Martial · 65&rsquor; 
		
			Marcus Rashford · 67&rsquor; 
		
			Daniel James · 81&rsquor; 
		
	,3,0,Chelsea,4-2-3-1,0,0.8,
		
	,4,0,https://fbref.com/en/matches/d0583d0d/Manchester-United-Chelsea-August-11-2019-Premier-League,Chelsea,Away,990,0,0,0,0,18,7,4,0,681,213,20,8,22,0.8,0.8,0.6,29,0,470,564,83.3,34,499,59,14,24,2019-08-11,470,564,83.3,8722,2338,207,231,89.6,187,217,86.2,64,96,66.7,0.6,15,30,6,2,34,564,512,52,17,2,131,14,11,5,1,1,3,428,63,73,111,409,15,23,6,470,0,11,8,12,20,13,5,13,2,11,27,40.7,16,213,55,25.8,58,102,53,22,4,0,18,28,9,1,681,56,163,372,185,22,631,58.3,14,0,2408,1163,20,7,12,12,544,470,86.4,47,0,16,18,0,11,13,0,1,0,91,5,12,29.4,Kepa Arrizabalaga,ESP,24-312,4,4,1,25,3.3,6,10,60,2,40.9,37.9,2,50,39,5,0,0,0,12,https://fbref.com/en/squads/cff3d9bb/2019-2020/Chelsea-Stats,Chelsea,2019-08-11,16:30,Premier League,Matchweek 1,Sun,Away,L,0,4,Manchester Utd,0.8,2.3,54,73620,César Azpilicueta,4-2-3-1,Anthony Taylor,
2019-08-18,Premier League,M,ENG,2019-2020,Sunday August 18, 2019,Premier League (Matchweek 2),Chelsea,4-2-3-1,1,1.4,
		
			Mason Mount · 7&rsquor; 
		
	,1,0,Leicester City,4-1-4-1,1,0.8,
		
			 Wilfred Ndidi · 67&rsquor;
		
	,0,0,https://fbref.com/en/matches/aebf58b9/Chelsea-Leicester-City-August-18-2019-Premier-League,Chelsea,Home,990,1,0,0,0,14,5,1,0,621,171,24,7,12,1.4,1.4,0.9,25,1,374,476,78.6,28,364,47,13,37,2019-08-18,374,476,78.6,7346,2403,146,168,86.9,155,185,83.8,60,98,61.2,0.9,10,28,8,3,28,476,421,55,15,0,122,16,11,4,2,1,1,297,83,96,117,300,14,25,9,374,3,7,10,16,24,17,13,8,3,3,20,15,17,171,62,36.3,54,70,47,12,1,0,11,31,29,0,621,67,205,288,176,21,565,35.1,13,0,2095,1235,20,3,15,2,450,374,83.1,34,0,11,15,3,11,17,0,0,0,98,17,14,54.8,Kepa Arrizabalaga,ESP,24-319,4,1,3,75,1,7,16,43.8,6,50,38,9,33.3,37.3,6,1,16.7,2,15.5,https://fbref.com/en/squads/cff3d9bb/2019-2020/Chelsea-Stats,Chelsea,2019-08-18,16:30,Premier League,Matchweek 2,Sun,Home,D,1,1,Leicester City,1.4,0.8,50,40629,César Azpilicueta,4-2-3-1,Oliver Langford,
2019-08-18,Premier League,M,ENG,2019-2020,Sunday August 18, 2019,Premier League (Matchweek 2),Chelsea,4-2-3-1,1,1.4,
		
			Mason Mount · 7&rsquor; 
		
	,1,0,Leicester City,4-1-4-1,1,0.8,
		
			 Wilfred Ndidi · 67&rsquor;
		
	,0,0,https://fbref.com/en/matches/aebf58b9/Chelsea-Leicester-City-August-18-2019-Premier-League,Leicester City,Away,990,1,1,0,0,13,4,0,0,613,191,26,10,19,0.8,0.8,0.7,16,2,368,478,77,34,367,37,16,20,2019-08-18,368,478,77,7736,2573,122,143,85.3,181,216,83.8,57,101,56.4,0.7,8,21,3,0,34,478,429,49,12,1,86,13,7,5,1,2,0,332,64,82,87,341,14,21,7,368,2,8,7,11,26,17,7,18,1,24,37,64.9,13,191,67,35.1,49,94,48,19,3,0,16,36,29,0,613,79,211,303,138,16,567,80,17,1,1755,895,15,0,14,21,427,368,86.2,46,0,15,11,3,7,17,0,0,0,105,14,17,45.2,Kasper Schmeichel,DEN,32-286,5,1,4,80,0.6,8,17,47.1,5,30,32.9,9,88.9,56.7,10,0,0,0,10.7,https://fbref.com/en/squads/cff3d9bb/2019-2020/Chelsea-Stats,Chelsea,2019-08-18,16:30,Premier League,Matchweek 2,Sun,Home,D,1,1,Leicester City,1.4,0.8,50,40629,César Azpilicueta,4-2-3-1,Oliver Langford,
2019-08-24,Premier League,M,ENG,2019-2020,Saturday August 24, 2019,Premier League (Matchweek 3),Norwich City,4-2-3-1,2,1.2,
		
			Todd Cantwell · 6&rsquor; 
		
			Teemu Pukki · 30&rsquor; 
		
	,1,0,Chelsea,4-3-3,3,2.1,
		
			 Tammy Abraham · 3&rsquor;
		
			 Mason Mount · 17&rsquor;
		
			 Tammy Abraham · 68&rsquor;
		
	,1,0,https://fbref.com/en/matches/4f4fd2d8/Norwich-City-Chelsea-August-24-2019-Premier-League,Norwich City,Home,990,2,2,0,0,6,5,1,0,638,291,23,7,24,1.2,1.2,1.1,11,4,397,492,80.7,21,382,27,4,19,2019-08-24,397,492,80.7,6776,1938,193,210,91.9,155,183,84.7,41,79,51.9,1.1,5,24,5,1,21,492,446,46,9,1,48,11,7,1,0,0,1,367,58,67,124,319,15,22,9,397,0,13,7,11,23,11,11,9,3,2,32,6.3,30,291,79,27.1,125,111,55,24,11,0,13,30,34,0,638,94,301,257,113,16,593,21.1,4,0,1801,902,5,3,10,7,466,397,85.2,24,0,11,7,0,7,11,0,0,0,85,11,15,42.3,Tim Krul,NED,31-143,8,3,5,62.5,1.5,5,21,23.8,4,51.6,41.6,10,50,36.5,10,0,0,1,13.8,https://fbref.com/en/squads/cff3d9bb/2019-2020/Chelsea-Stats,Chelsea,2019-08-24,12:30,Premier League,Matchweek 3,Sat,Away,W,3,2,Norwich City,2.1,1.2,54,27032,César Azpilicueta,4-3-3,Martin Atkinson,
2019-08-24,Premier League,M,ENG,2019-2020,Saturday August 24, 2019,Premier League (Matchweek 3),Norwich City,4-2-3-1,2,1.2,
		
			Todd Cantwell · 6&rsquor; 
		
			Teemu Pukki · 30&rsquor; 
		
	,1,0,Chelsea,4-3-3,3,2.1,
		
			 Tammy Abraham · 3&rsquor;
		
			 Mason Mount · 17&rsquor;
		
			 Tammy Abraham · 68&rsquor;
		
	,1,0,https://fbref.com/en/matches/4f4fd2d8/Norwich-City-Chelsea-August-24-2019-Premier-League,Chelsea,Away,990,3,3,0,0,24,8,1,0,707,205,22,8,11,2.1,2.1,1.9,42,6,487,579,84.1,45,554,61,29,32,2019-08-24,487,579,84.1,9587,2696,189,207,91.3,217,241,90,76,111,68.5,1.9,21,41,16,4,45,579,529,50,9,0,158,16,14,8,5,1,0,405,89,85,140,385,14,27,6,487,0,7,7,13,22,16,13,8,1,15,19,78.9,4,205,48,23.4,48,87,70,11,0,0,11,30,19,0,707,49,191,342,227,37,659,90.6,30,0,2568,1339,19,5,14,21,563,487,86.5,57,0,8,10,0,14,16,0,0,0,96,15,11,57.7,Kepa Arrizabalaga,ESP,24-325,5,2,3,60,1.4,1,7,14.3,4,19.2,32.3,3,66.7,50.3,5,0,0,1,13.8,https://fbref.com/en/squads/cff3d9bb/2019-2020/Chelsea-Stats,Chelsea,2019-08-24,12:30,Premier League,Matchweek 3,Sat,Away,W,3,2,Norwich City,2.1,1.2,54,27032,César Azpilicueta,4-3-3,Martin Atkinson,
2019-08-31,Premier League,M,ENG,2019-2020,Saturday August 31, 2019,Premier League (Matchweek 4),Chelsea,4-3-3,2,1.7,
		
			Tammy Abraham · 19&rsquor; 
		
			Tammy Abraham · 43&rsquor; 
		
	,0,0,Sheffield United,3-5-2,2,1.1,
		
			 Callum Robinson · 46&rsquor;
		
			 Kurt Zouma (OG) · 89&rsquor;
		
	,1,0,https://fbref.com/en/matches/495db223/Chelsea-Sheffield-United-August-31-2019-Premier-League,Chelsea,Home,990,2,0,0,0,13,5,0,0,850,162,16,8,11,1.8,1.8,1.2,22,1,651,756,86.1,33,650,59,8,14,2019-08-31,651,756,86.1,12851,3375,246,272,90.4,302,337,89.6,99,135,73.3,1.2,9,29,3,2,33,756,712,44,10,2,85,28,9,3,1,2,0,558,79,119,172,517,30,20,5,651,2,9,13,8,16,10,12,3,1,8,15,53.3,7,162,40,24.7,47,78,37,11,2,0,9,24,16,1,850,69,340,421,153,23,807,57.1,9,1,3085,1614,15,5,7,10,744,651,87.5,33,0,6,12,2,9,10,0,0,1,93,15,21,41.7,Kepa Arrizabalaga,ESP,24-332,2,2,1,0,0.5,3,6,50,5,15.2,27,8,12.5,27.5,6,0,0,2,18.2,https://fbref.com/en/squads/cff3d9bb/2019-2020/Chelsea-Stats,Chelsea,2019-08-31,15:00,Premier League,Matchweek 4,Sat,Home,D,2,2,Sheffield Utd,1.7,1.1,63,40560,César Azpilicueta,4-3-3,Stuart Attwell,
2019-08-31,Premier League,M,ENG,2019-2020,Saturday August 31, 2019,Premier League (Matchweek 4),Chelsea,4-3-3,2,1.7,
		
			Tammy Abraham · 19&rsquor; 
		
			Tammy Abraham · 43&rsquor; 
		
	,0,0,Sheffield United,3-5-2,2,1.1,
		
			 Callum Robinson · 46&rsquor;
		
			 Kurt Zouma (OG) · 89&rsquor;
		
	,1,0,https://fbref.com/en/matches/495db223/Chelsea-Sheffield-United-August-31-2019-Premier-League,Sheffield United,Away,990,1,1,0,0,8,2,1,0,556,182,15,15,11,1.1,1.1,1,12,2,354,447,79.2,30,350,29,6,15,2019-08-31,354,447,79.2,7183,2388,152,171,88.9,137,160,85.6,61,101,60.4,1,7,29,3,3,30,447,410,37,7,0,82,16,8,4,3,0,1,241,89,117,141,252,18,18,5,354,0,7,8,9,15,12,8,6,1,5,14,35.7,9,182,37,20.3,47,90,45,11,3,0,8,30,32,2,556,67,181,289,116,12,519,40,7,1,1545,698,7,3,6,8,410,354,86.3,30,0,12,6,0,8,12,0,0,0,75,21,15,58.3,Dean Henderson,ENG,22-172,5,2,3,60,1.9,7,25,28,4,60.6,49.7,5,100,78.2,9,1,11.1,0,13,https://fbref.com/en/squads/cff3d9bb/2019-2020/Chelsea-Stats,Chelsea,2019-08-31,15:00,Premier League,Matchweek 4,Sat,Home,D,2,2,Sheffield Utd,1.7,1.1,63,40560,César Azpilicueta,4-3-3,Stuart Attwell,
2019-09-14,Premier League,M,ENG,2019-2020,Saturday September 14, 2019,Premier League (Matchweek 5),Wolverhampton Wanderers,3-5-2,2,1.6,
		
			Tammy Abraham (OG) · 69&rsquor; 
		
			Patrick Cutrone · 85&rsquor; 
		
	,1,0,Chelsea,3-4-3,5,1.9,
		
			 Fikayo Tomori · 31&rsquor;
		
			 Tammy Abraham · 34&rsquor;
		
			 Tammy Abraham · 41&rsquor;
		
			 Tammy Abraham · 55&rsquor;
		
			 Mason Mount · 90+6&rsquor;
		
	,2,0,https://fbref.com/en/matches/0fa0a658/Wolverhampton-Wanderers-Chelsea-September-14-2019-Premier-League,Wolverhampton Wanderers,Home,990,1,0,0,0,11,4,1,0,597,248,21,3,11,1.7,1.7,1.2,14,1,380,492,77.2,27,391,33,11,21,2019-09-14,380,492,77.2,7395,2365,147,175,84,162,197,82.2,62,100,62,1.2,7,29,10,2,27,492,427,65,12,1,116,10,14,7,1,4,0,301,88,103,78,347,18,30,6,380,1,11,13,16,21,12,8,9,4,5,17,29.4,12,248,57,23,56,121,71,11,2,0,9,24,16,0,597,55,141,299,178,20,533,52.4,14,2,1697,819,10,1,8,14,483,380,78.7,27,0,9,13,1,14,12,0,0,0,85,14,20,41.2,Rui Patrício,POR,31-211,6,5,1,16.7,3.2,5,12,41.7,3,36.4,36.2,10,80,52.8,7,0,0,1,32,https://fbref.com/en/squads/cff3d9bb/2019-2020/Chelsea-Stats,Chelsea,2019-09-14,15:00,Premier League,Matchweek 5,Sat,Away,W,5,2,Wolves,1.9,1.6,54,31534,César Azpilicueta,3-4-3,Graham Scott,
2019-09-14,Premier League,M,ENG,2019-2020,Saturday September 14, 2019,Premier League (Matchweek 5),Wolverhampton Wanderers,3-5-2,2,1.6,
		
			Tammy Abraham (OG) · 69&rsquor; 
		
			Patrick Cutrone · 85&rsquor; 
		
	,1,0,Chelsea,3-4-3,5,1.9,
		
			 Fikayo Tomori · 31&rsquor;
		
			 Tammy Abraham · 34&rsquor;
		
			 Tammy Abraham · 41&rsquor;
		
			 Tammy Abraham · 55&rsquor;
		
			 Mason Mount · 90+6&rsquor;
		
	,2,0,https://fbref.com/en/matches/0fa0a658/Wolverhampton-Wanderers-Chelsea-September-14-2019-Premier-League,Chelsea,Away,990,5,3,0,0,15,6,2,0,734,206,21,13,19,1.9,1.9,1.4,22,4,502,584,86,29,508,44,12,17,2019-09-14,502,584,86,9881,3047,188,207,90.8,231,254,90.9,73,104,70.2,1.4,11,26,9,0,29,584,534,50,9,1,130,12,11,5,4,0,0,399,82,103,100,438,7,26,8,502,1,12,2,9,21,14,14,7,0,7,21,33.3,14,206,48,23.3,73,97,36,19,3,0,16,34,41,0,734,86,279,356,145,25,686,70.6,12,0,2643,1243,12,4,17,16,565,502,88.8,29,0,14,9,1,11,14,0,0,1,78,20,14,58.8,Kepa Arrizabalaga,ESP,24-346,4,2,3,50,1,9,16,56.3,7,32.4,35.7,7,57.1,45,12,0,0,0,14.3,https://fbref.com/en/squads/cff3d9bb/2019-2020/Chelsea-Stats,Chelsea,2019-09-14,15:00,Premier League,Matchweek 5,Sat,Away,W,5,2,Wolves,1.9,1.6,54,31534,César Azpilicueta,3-4-3,Graham Scott,
2019-09-22,Premier League,M,ENG,2019-2020,Sunday September 22, 2019,Premier League (Matchweek 6),Chelsea,4-3-3,1,1.2,
		
			N'Golo Kanté · 71&rsquor; 
		
	,3,0,Liverpool,4-3-3,2,0.9,
		
			 Trent Alexander-Arnold · 14&rsquor;
		
			 Roberto Firmino · 30&rsquor;
		
	,3,0,https://fbref.com/en/matches/02e3ae79/Chelsea-Liverpool-September-22-2019-Premier-League,Chelsea,Home,990,1,1,0,0,13,2,3,0,664,177,13,5,21,1.2,1.2,1.1,22,2,421,546,77.1,33,447,51,9,15,2019-09-22,421,546,77.1,8583,2911,171,199,85.9,158,193,81.9,81,134,60.4,1.1,11,28,12,8,33,546,486,60,14,1,66,30,25,6,4,1,0,310,91,145,105,365,22,32,7,421,7,9,6,11,13,9,9,4,0,0,12,0,12,177,68,38.4,63,67,47,21,1,0,20,18,14,0,664,66,232,279,191,23,607,60,10,1,2211,1149,14,4,22,4,530,421,79.4,43,0,10,12,7,25,9,0,0,0,119,19,16,54.3,Kepa Arrizabalaga,ESP,24-354,3,2,1,33.3,1.7,8,20,40,5,51.6,38,5,80,50.4,11,1,9.1,0,14.4,https://fbref.com/en/squads/cff3d9bb/2019-2020/Chelsea-Stats,Chelsea,2019-09-22,16:30,Premier League,Matchweek 6,Sun,Home,L,1,2,Liverpool,1.2,0.9,55,40638,César Azpilicueta,4-3-3,Michael Oliver,
2019-09-22,Premier League,M,ENG,2019-2020,Sunday September 22, 2019,Premier League (Matchweek 6),Chelsea,4-3-3,1,1.2,
		
			N'Golo Kanté · 71&rsquor; 
		
	,3,0,Liverpool,4-3-3,2,0.9,
		
			 Trent Alexander-Arnold · 14&rsquor;
		
			 Roberto Firmino · 30&rsquor;
		
	,3,0,https://fbref.com/en/matches/02e3ae79/Chelsea-Liverpool-September-22-2019-Premier-League,Liverpool,Away,990,2,2,0,0,6,3,3,0,562,234,9,7,15,0.9,0.9,0.9,11,4,319,439,72.7,36,323,20,11,12,2019-09-22,319,439,72.7,6640,2452,127,152,83.6,128,152,84.2,61,115,53,0.9,6,27,7,4,36,439,378,61,15,3,113,19,13,3,0,2,0,238,85,116,102,274,18,30,8,319,1,15,5,21,9,6,2,6,1,5,15,33.3,10,234,62,26.5,77,87,70,15,3,0,12,16,44,0,562,75,185,238,161,21,501,91.7,12,0,1251,589,4,2,22,13,424,319,75.2,49,0,12,8,1,13,6,0,0,0,102,16,19,45.7,Adrián,ESP,32-262,2,1,1,50,0.9,5,21,23.8,4,52,45.3,11,72.7,46.9,21,0,0,0,11.1,https://fbref.com/en/squads/cff3d9bb/2019-2020/Chelsea-Stats,Chelsea,2019-09-22,16:30,Premier League,Matchweek 6,Sun,Home,L,1,2,Liverpool,1.2,0.9,55,40638,César Azpilicueta,4-3-3,Michael Oliver,
2019-09-28,Premier League,M,ENG,2019-2020,Saturday September 28, 2019,Premier League (Matchweek 7),Chelsea,4-3-3,2,3.2,
		
			Jorginho (P) · 50&rsquor; 
		
			Willian · 76&rsquor; 
		
	,2,0,Brighton & Hove Albion,3-4-3,0,0.5,
		
	,3,0,https://fbref.com/en/matches/1d4b5564/Chelsea-Brighton-and-Hove-Albion-September-28-2019-Premier-League,Chelsea,Home,990,2,1,1,1,23,9,2,0,714,205,19,11,13,3.2,2.5,1.9,37,3,508,601,84.5,51,533,67,4,9,2019-09-28,508,601,84.5,9913,2909,196,219,89.5,239,270,88.5,67,102,65.7,1.9,17,32,9,1,51,601,553,48,14,4,197,18,14,5,1,1,1,427,79,95,134,414,21,19,4,508,1,4,8,9,19,9,11,5,3,5,14,35.7,9,205,55,26.8,46,86,73,13,3,0,10,30,14,0,714,67,236,318,208,36,668,44.4,4,0,2953,1627,18,9,9,15,595,508,85.4,58,0,6,17,1,14,9,1,0,0,89,11,13,45.8,Kepa Arrizabalaga,ESP,24-360,1,0,1,100,0,1,11,9.1,2,15.2,29,9,66.7,48.8,10,1,10,0,13.8,https://fbref.com/en/squads/cff3d9bb/2019-2020/Chelsea-Stats,Chelsea,2019-09-28,15:00,Premier League,Matchweek 7,Sat,Home,W,2,0,Brighton,3.2,0.5,53,40683,César Azpilicueta,4-3-3,Chris Kavanagh,
2019-09-28,Premier League,M,ENG,2019-2020,Saturday September 28, 2019,Premier League (Matchweek 7),Chelsea,4-3-3,2,3.2,
		
			Jorginho (P) · 50&rsquor; 
		
			Willian · 76&rsquor; 
		
	,2,0,Brighton & Hove Albion,3-4-3,0,0.5,
		
	,3,0,https://fbref.com/en/matches/1d4b5564/Chelsea-Brighton-and-Hove-Albion-September-28-2019-Premier-League,Brighton & Hove Albion,Away,990,0,0,0,0,8,1,3,0,656,266,20,9,20,0.5,0.5,0.5,13,0,434,529,82,25,440,26,9,14,2019-09-28,434,529,82,8577,2546,165,185,89.2,206,230,89.6,59,102,57.8,0.5,7,18,4,2,25,529,497,32,7,1,53,18,10,2,1,1,0,346,95,88,111,360,25,15,10,434,2,7,10,10,20,14,14,5,1,5,9,55.6,4,266,69,25.9,98,109,59,20,11,0,9,29,23,2,656,104,315,271,110,15,625,64.3,9,0,2096,1016,8,3,9,14,518,434,83.8,30,0,19,6,2,10,14,0,1,0,95,13,11,54.2,Mathew Ryan,AUS,27-173,9,2,8,88.9,3.3,4,10,40,10,25.6,28.7,5,0,11.4,9,1,11.1,0,10.7,https://fbref.com/en/squads/cff3d9bb/2019-2020/Chelsea-Stats,Chelsea,2019-09-28,15:00,Premier League,Matchweek 7,Sat,Home,W,2,0,Brighton,3.2,0.5,53,40683,César Azpilicueta,4-3-3,Chris Kavanagh,
2019-10-06,Premier League,M,ENG,2019-2020,Sunday October 6, 2019,Premier League (Matchweek 8),Southampton,4-3-3,1,1,
		
			Danny Ings · 30&rsquor; 
		
	,0,0,Chelsea,4-2-3-1,4,1.9,
		
			 Tammy Abraham · 17&rsquor;
		
			 Mason Mount · 24&rsquor;
		
			 N'Golo Kanté · 40&rsquor;
		
			 Michy Batshuayi · 89&rsquor;
		
	,1,0,https://fbref.com/en/matches/078b24d4/Southampton-Chelsea-October-6-2019-Premier-League,Southampton,Home,990,1,0,0,0,10,2,0,0,542,192,20,6,20,1,1,0.3,13,0,283,394,71.8,24,278,15,8,16,2019-10-06,283,394,71.8,5092,1606,141,164,86,109,136,80.1,30,80,37.5,0.3,6,11,5,0,24,394,346,48,14,1,63,6,4,3,1,1,0,231,61,102,67,261,29,21,5,283,1,6,8,15,20,11,8,9,3,7,16,43.8,9,192,48,25,63,77,52,20,4,0,16,26,45,2,542,58,185,257,119,14,496,50,8,0,1125,495,5,3,9,19,374,283,75.7,27,0,12,15,1,4,11,0,0,0,109,14,26,35,Angus Gunn,ENG,23-257,7,4,3,42.9,2.4,5,26,19.2,2,77.8,51.9,5,100,64.2,6,0,0,0,16.2,https://fbref.com/en/squads/cff3d9bb/2019-2020/Chelsea-Stats,Chelsea,2019-10-06,14:00,Premier League,Matchweek 8,Sun,Away,W,4,1,Southampton,1.9,1,58,31473,César Azpilicueta,4-2-3-1,Paul Tierney,
2019-10-06,Premier League,M,ENG,2019-2020,Sunday October 6, 2019,Premier League (Matchweek 8),Southampton,4-3-3,1,1,
		
			Danny Ings · 30&rsquor; 
		
	,0,0,Chelsea,4-2-3-1,4,1.9,
		
			 Tammy Abraham · 17&rsquor;
		
			 Mason Mount · 24&rsquor;
		
			 N'Golo Kanté · 40&rsquor;
		
			 Michy Batshuayi · 89&rsquor;
		
	,1,0,https://fbref.com/en/matches/078b24d4/Southampton-Chelsea-October-6-2019-Premier-League,Chelsea,Away,990,4,4,0,0,14,7,1,0,681,160,27,9,17,1.9,1.9,1.9,24,7,422,549,76.9,33,461,38,9,16,2019-10-06,422,549,76.9,8309,2694,157,186,84.4,203,240,84.6,55,100,55,1.9,13,34,9,0,33,549,494,55,9,4,136,13,9,4,0,0,1,338,84,127,99,368,31,33,3,422,0,6,6,16,27,22,16,8,3,8,16,50,8,160,49,30.6,37,76,47,17,2,1,15,36,40,2,681,65,230,324,154,23,627,56.3,9,1,1881,880,8,8,9,13,544,422,77.6,49,0,15,11,0,9,22,0,0,0,104,26,14,65,Kepa Arrizabalaga,ESP,25-003,2,1,1,50,0.7,6,17,35.3,3,40,37.9,7,71.4,54.4,3,0,0,0,13.3,https://fbref.com/en/squads/cff3d9bb/2019-2020/Chelsea-Stats,Chelsea,2019-10-06,14:00,Premier League,Matchweek 8,Sun,Away,W,4,1,Southampton,1.9,1,58,31473,César Azpilicueta,4-2-3-1,Paul Tierney,
2019-10-19,Premier League,M,ENG,2019-2020,Saturday October 19, 2019,Premier League (Matchweek 9),Chelsea,4-3-3,1,1.9,
		
			Marcos Alonso · 73&rsquor; 
		
	,2,0,Newcastle United,3-4-3,0,0.3,
		
	,1,0,https://fbref.com/en/matches/c17538b0/Chelsea-Newcastle-United-October-19-2019-Premier-League,Chelsea,Home,990,1,1,0,0,16,7,2,0,798,57,21,3,7,1.9,1.9,1.3,26,2,574,672,85.4,32,567,89,9,12,2019-10-19,574,672,85.4,11528,2660,217,237,91.6,256,290,88.3,92,127,72.4,1.3,12,53,13,1,32,672,614,58,12,1,149,26,12,11,5,5,0,496,78,98,132,481,19,29,7,574,1,6,13,9,21,14,10,6,5,2,8,25,6,57,24,42.1,11,32,14,7,1,0,6,24,40,0,798,35,168,435,238,41,743,75,9,0,3122,1730,21,7,17,12,617,574,93,39,0,9,13,1,12,14,0,0,0,84,14,10,58.3,Kepa Arrizabalaga,ESP,25-016,0,0,0,NA,0,3,4,75,6,5.9,26.9,5,60,49.2,10,2,20,0,12,https://fbref.com/en/squads/cff3d9bb/2019-2020/Chelsea-Stats,Chelsea,2019-10-19,15:00,Premier League,Matchweek 9,Sat,Home,W,1,0,Newcastle Utd,1.9,0.3,71,40513,César Azpilicueta,4-3-3,Andre Marriner,
2019-10-19,Premier League,M,ENG,2019-2020,Saturday October 19, 2019,Premier League (Matchweek 9),Chelsea,4-3-3,1,1.9,
		
			Marcos Alonso · 73&rsquor; 
		
	,2,0,Newcastle United,3-4-3,0,0.3,
		
	,1,0,https://fbref.com/en/matches/c17538b0/Chelsea-Newcastle-United-October-19-2019-Premier-League,Newcastle United,Away,990,0,0,0,0,5,0,1,0,409,220,15,13,14,0.3,0.3,0.3,8,0,192,279,68.8,8,181,16,6,8,2019-10-19,192,279,68.8,3775,1568,96,110,87.3,64,86,74.4,28,70,40,0.3,4,16,4,3,8,279,241,38,10,0,23,11,10,0,0,0,0,146,40,93,74,154,24,15,4,192,1,6,3,7,15,10,12,3,0,3,12,25,9,220,45,20.5,115,80,25,14,4,1,10,28,38,0,409,72,167,163,98,6,373,75,6,0,926,496,5,1,20,19,267,192,71.9,16,0,13,9,1,10,10,0,0,0,84,10,14,41.7,Martin Dúbravka,SVK,30-277,7,1,6,85.7,1,10,22,45.5,3,64.7,49.4,11,100,69.7,9,1,11.1,1,18.8,https://fbref.com/en/squads/cff3d9bb/2019-2020/Chelsea-Stats,Chelsea,2019-10-19,15:00,Premier League,Matchweek 9,Sat,Home,W,1,0,Newcastle Utd,1.9,0.3,71,40513,César Azpilicueta,4-3-3,Andre Marriner,
2019-10-26,Premier League,M,ENG,2019-2020,Saturday October 26, 2019,Premier League (Matchweek 10),Burnley,4-4-2,2,2.2,
		
			Jay Rodriguez · 86&rsquor; 
		
			Dwight McNeil · 89&rsquor; 
		
	,3,0,Chelsea,4-2-3-1,4,1,
		
			 Christian Pulisic · 21&rsquor;
		
			 Christian Pulisic · 45&rsquor;
		
			 Christian Pulisic · 56&rsquor;
		
			 Willian · 58&rsquor;
		
	,2,0,https://fbref.com/en/matches/082dc9ef/Burnley-Chelsea-October-26-2019-Premier-League,Burnley,Home,990,2,2,0,0,13,5,3,0,537,211,14,8,24,2.2,2.2,1.3,19,4,301,410,73.4,28,347,35,14,19,2019-10-26,301,410,73.4,6024,1881,125,142,88,119,150,79.3,51,102,50,1.3,10,29,3,0,28,410,376,34,8,2,96,20,12,5,5,0,0,236,68,106,136,228,16,13,7,301,1,14,7,11,14,10,2,9,3,4,19,21.1,15,211,56,26.5,61,106,44,24,8,0,16,22,34,1,537,53,122,302,142,23,504,73.7,14,0,1379,646,13,3,17,8,372,301,80.9,37,0,10,9,1,12,10,0,0,0,112,16,17,48.5,Nick Pope,ENG,27-190,7,4,3,42.9,2.3,6,19,31.6,4,69.6,48.7,3,100,79.3,6,0,0,0,10,https://fbref.com/en/squads/cff3d9bb/2019-2020/Chelsea-Stats,Chelsea,2019-10-26,17:30,Premier League,Matchweek 10,Sat,Away,W,4,2,Burnley,1,2.2,63,20975,César Azpilicueta,4-2-3-1,Michael Oliver,
2019-10-26,Premier League,M,ENG,2019-2020,Saturday October 26, 2019,Premier League (Matchweek 10),Burnley,4-4-2,2,2.2,
		
			Jay Rodriguez · 86&rsquor; 
		
			Dwight McNeil · 89&rsquor; 
		
	,3,0,Chelsea,4-2-3-1,4,1,
		
			 Christian Pulisic · 21&rsquor;
		
			 Christian Pulisic · 45&rsquor;
		
			 Christian Pulisic · 56&rsquor;
		
			 Willian · 58&rsquor;
		
	,2,0,https://fbref.com/en/matches/082dc9ef/Burnley-Chelsea-October-26-2019-Premier-League,Chelsea,Away,990,4,3,0,0,16,7,2,0,835,204,13,7,16,1,1,0.4,22,4,599,703,85.2,35,583,59,13,19,2019-10-26,599,703,85.2,10845,3132,270,293,92.2,252,288,87.5,67,99,67.7,0.4,10,28,12,2,35,703,654,49,7,0,81,15,10,6,2,1,0,494,116,93,133,512,25,22,7,599,0,3,7,16,13,8,4,6,3,5,19,26.3,14,204,48,23.5,57,114,33,16,5,0,11,20,38,0,835,85,291,401,197,26,786,68.4,15,0,2708,1539,21,10,13,10,693,599,86.4,39,0,10,10,0,10,8,0,0,0,102,17,16,51.5,Kepa Arrizabalaga,ESP,25-023,5,2,3,60,1,7,17,41.2,4,36,33.2,11,72.7,50.9,10,0,0,0,10.8,https://fbref.com/en/squads/cff3d9bb/2019-2020/Chelsea-Stats,Chelsea,2019-10-26,17:30,Premier League,Matchweek 10,Sat,Away,W,4,2,Burnley,1,2.2,63,20975,César Azpilicueta,4-2-3-1,Michael Oliver,
2019-11-02,Premier League,M,ENG,2019-2020,Saturday November 2, 2019,Premier League (Matchweek 11),Watford,3-5-2,1,1.4,
		
			Gerard Deulofeu (P) · 80&rsquor; 
		
	,4,0,Chelsea,4-2-3-1,2,2.6,
		
			 Tammy Abraham · 5&rsquor;
		
			 Christian Pulisic · 55&rsquor;
		
	,2,0,https://fbref.com/en/matches/0b8b7f66/Watford-Chelsea-November-2-2019-Premier-League,Watford,Home,990,1,0,1,1,11,2,4,0,522,315,19,10,15,1.4,0.6,0.6,19,2,323,408,79.2,35,330,27,9,17,2019-11-02,323,408,79.2,6484,2396,130,156,83.3,142,155,91.6,46,79,58.2,0.6,11,27,7,2,35,408,378,30,4,0,137,9,9,1,0,1,0,205,120,83,95,267,11,16,7,323,0,8,7,19,19,8,10,6,3,0,14,0,14,315,73,23.2,90,143,82,15,4,0,11,29,16,0,522,56,149,265,133,18,494,52.9,10,0,1414,749,8,4,13,12,394,323,82,41,0,11,7,0,9,8,1,0,0,84,12,10,54.5,Ben Foster,ENG,36-213,10,2,7,80,3,6,18,33.3,5,60,47.8,6,100,74.3,2,0,0,0,14.7,https://fbref.com/en/squads/cff3d9bb/2019-2020/Chelsea-Stats,Chelsea,2019-11-02,17:30,Premier League,Matchweek 11,Sat,Away,W,2,1,Watford,2.6,1.4,66,21011,César Azpilicueta,4-2-3-1,Anthony Taylor,
2019-11-02,Premier League,M,ENG,2019-2020,Saturday November 2, 2019,Premier League (Matchweek 11),Watford,3-5-2,1,1.4,
		
			Gerard Deulofeu (P) · 80&rsquor; 
		
	,4,0,Chelsea,4-2-3-1,2,2.6,
		
			 Tammy Abraham · 5&rsquor;
		
			 Christian Pulisic · 55&rsquor;
		
	,2,0,https://fbref.com/en/matches/0b8b7f66/Watford-Chelsea-November-2-2019-Premier-League,Chelsea,Away,990,2,2,0,0,16,10,2,0,933,198,19,7,22,2.6,2.6,1.9,25,4,721,807,89.3,27,677,79,12,14,2019-11-02,721,807,89.3,13171,3251,313,338,92.6,317,345,91.9,82,109,75.2,1.9,12,30,8,0,27,807,766,41,7,1,201,18,7,6,3,1,0,632,89,86,142,624,12,18,4,721,0,5,9,10,19,12,11,8,0,7,17,41.2,10,198,67,33.8,64,92,42,22,4,0,18,26,19,0,933,86,293,506,192,32,894,85.7,14,0,3479,1839,25,7,14,19,792,721,91,29,0,7,11,0,7,12,0,1,0,88,10,12,45.5,Kepa Arrizabalaga,ESP,25-030,2,1,2,100,1.2,5,10,50,2,25,31.1,8,37.5,34.8,7,0,0,0,10.5,https://fbref.com/en/squads/cff3d9bb/2019-2020/Chelsea-Stats,Chelsea,2019-11-02,17:30,Premier League,Matchweek 11,Sat,Away,W,2,1,Watford,2.6,1.4,66,21011,César Azpilicueta,4-2-3-1,Anthony Taylor,
2019-11-09,Premier League,M,ENG,2019-2020,Saturday November 9, 2019,Premier League (Matchweek 12),Chelsea,4-2-3-1,2,2.5,
		
			Tammy Abraham · 52&rsquor; 
		
			Christian Pulisic · 79&rsquor; 
		
	,3,0,Crystal Palace,4-5-1,0,0.2,
		
	,2,0,https://fbref.com/en/matches/99680077/Chelsea-Crystal-Palace-November-9-2019-Premier-League,Chelsea,Home,990,2,1,0,0,22,6,3,0,724,155,19,11,9,2.5,2.5,1.7,38,3,524,610,85.9,53,551,71,14,18,2019-11-09,524,610,85.9,10675,2975,191,210,91,253,281,90,76,105,72.4,1.7,14,49,11,2,53,610,558,52,14,1,111,21,11,7,3,3,0,434,83,93,119,430,22,23,7,524,0,5,6,12,19,10,6,10,3,6,17,35.3,11,155,47,30.3,31,87,37,9,1,0,8,30,12,0,724,51,199,351,230,32,674,77.8,14,0,2987,1700,19,9,13,19,595,524,88.1,57,0,12,17,0,11,10,0,0,0,89,14,13,51.9,Kepa Arrizabalaga,ESP,25-037,1,0,1,100,0.3,3,7,42.9,2,17.4,29,7,42.9,40.4,5,0,0,0,18,https://fbref.com/en/squads/cff3d9bb/2019-2020/Chelsea-Stats,Chelsea,2019-11-09,12:30,Premier League,Matchweek 12,Sat,Home,W,2,0,Crystal Palace,2.5,0.2,61,40525,Willian,4-2-3-1,Mike Dean,
2019-11-09,Premier League,M,ENG,2019-2020,Saturday November 9, 2019,Premier League (Matchweek 12),Chelsea,4-2-3-1,2,2.5,
		
			Tammy Abraham · 52&rsquor; 
		
			Christian Pulisic · 79&rsquor; 
		
	,3,0,Crystal Palace,4-5-1,0,0.2,
		
	,2,0,https://fbref.com/en/matches/99680077/Chelsea-Crystal-Palace-November-9-2019-Premier-League,Crystal Palace,Away,990,0,0,0,0,3,1,2,0,525,188,23,7,21,0.2,0.2,0.2,6,0,310,389,79.7,20,304,22,11,17,2019-11-09,310,389,79.7,6209,2317,120,135,88.9,145,167,86.8,43,79,54.4,0.2,3,16,1,0,20,389,347,42,10,0,58,12,6,0,0,0,0,257,59,73,92,253,15,17,5,310,0,8,11,8,23,15,15,6,2,4,18,22.2,14,188,51,27.1,80,71,37,21,9,0,12,30,34,0,525,65,193,266,92,9,484,64.7,11,0,1488,626,8,2,19,13,372,310,83.3,26,0,17,12,0,6,15,0,0,0,78,13,14,48.1,Vicente Guaita,ESP,32-303,6,2,4,66.7,2.9,7,18,38.9,5,50,41.6,12,83.3,59.6,7,1,14.3,0,14.8,https://fbref.com/en/squads/cff3d9bb/2019-2020/Chelsea-Stats,Chelsea,2019-11-09,12:30,Premier League,Matchweek 12,Sat,Home,W,2,0,Crystal Palace,2.5,0.2,61,40525,Willian,4-2-3-1,Mike Dean,
2019-11-23,Premier League,M,ENG,2019-2020,Saturday November 23, 2019,Premier League (Matchweek 13),Manchester City,4-3-3,2,1.1,
		
			Kevin De Bruyne · 29&rsquor; 
		
			Riyad Mahrez · 37&rsquor; 
		
	,1,0,Chelsea,4-3-3,1,1.1,
		
			 N'Golo Kanté · 21&rsquor;
		
	,1,0,https://fbref.com/en/matches/d16305c7/Manchester-City-Chelsea-November-23-2019-Premier-League,Manchester City,Home,990,2,1,0,0,15,4,1,0,684,216,14,7,9,1.1,1.1,0.5,20,3,493,585,84.3,44,509,58,9,24,2019-11-23,493,585,84.3,10011,2803,177,196,90.3,233,259,90,79,109,72.5,0.5,9,33,12,1,44,585,532,53,13,1,156,20,15,8,2,0,1,415,93,77,210,327,16,20,5,493,3,11,9,18,14,10,4,8,2,4,21,19,17,216,43,19.9,33,116,67,9,3,0,6,21,16,0,684,68,187,377,162,33,633,37.5,10,1,2610,1399,12,6,6,10,567,493,86.9,50,0,10,11,3,15,10,0,0,0,84,15,5,75,Ederson,BRA,26-098,2,1,1,50,0.3,6,12,50,2,32.1,32.6,10,30,34.5,1,0,0,1,18.8,https://fbref.com/en/squads/cff3d9bb/2019-2020/Chelsea-Stats,Chelsea,2019-11-23,17:30,Premier League,Matchweek 13,Sat,Away,L,1,2,Manchester City,1.1,1.1,53,54486,César Azpilicueta,4-3-3,Martin Atkinson,
2019-11-23,Premier League,M,ENG,2019-2020,Saturday November 23, 2019,Premier League (Matchweek 13),Manchester City,4-3-3,2,1.1,
		
			Kevin De Bruyne · 29&rsquor; 
		
			Riyad Mahrez · 37&rsquor; 
		
	,1,0,Chelsea,4-3-3,1,1.1,
		
			 N'Golo Kanté · 21&rsquor;
		
	,1,0,https://fbref.com/en/matches/d16305c7/Manchester-City-Chelsea-November-23-2019-Premier-League,Chelsea,Away,990,1,1,0,0,11,2,1,0,770,235,24,9,23,1.1,1.1,0.9,16,2,582,660,88.2,33,578,49,16,21,2019-11-23,582,660,88.2,10914,2602,230,249,92.4,278,298,93.3,67,100,67,0.9,7,29,8,0,33,660,627,33,7,1,125,13,8,2,0,2,0,520,61,79,122,511,6,10,7,582,4,7,7,6,24,13,14,9,1,14,24,58.3,10,235,58,24.7,80,120,35,23,5,0,18,33,21,1,770,109,333,366,120,22,738,76.2,17,0,2655,1399,12,4,8,10,648,582,89.8,33,0,11,10,4,8,13,0,0,0,66,5,15,25,Kepa Arrizabalaga,ESP,25-051,4,2,2,50,0.9,5,13,38.5,6,29.3,30,11,9.1,23,8,1,12.5,0,13.6,https://fbref.com/en/squads/cff3d9bb/2019-2020/Chelsea-Stats,Chelsea,2019-11-23,17:30,Premier League,Matchweek 13,Sat,Away,L,1,2,Manchester City,1.1,1.1,53,54486,César Azpilicueta,4-3-3,Martin Atkinson,
2019-11-30,Premier League,M,ENG,2019-2020,Saturday November 30, 2019,Premier League (Matchweek 14),Chelsea,4-2-3-1,0,2,
		
	,0,0,West Ham United,4-4-1-1,1,0.8,
		
			 Aaron Cresswell · 48&rsquor;
		
	,3,0,https://fbref.com/en/matches/aa1ff9cd/Chelsea-West-Ham-United-November-30-2019-Premier-League,Chelsea,Home,990,0,0,0,0,19,5,0,0,853,127,8,11,16,2,2,1.4,30,0,622,722,86.1,58,617,98,29,43,2019-11-30,622,722,86.1,12212,3337,260,281,92.5,252,284,88.7,104,140,74.3,1.4,14,46,11,1,58,722,663,59,16,1,92,31,23,9,4,1,4,547,90,85,157,502,21,27,7,622,3,7,9,16,8,4,6,2,0,2,12,16.7,10,127,40,31.5,40,61,26,16,1,0,15,19,21,0,853,47,217,448,250,27,797,67.4,31,0,3414,2049,22,5,14,11,698,622,89.1,67,0,3,22,3,23,4,0,0,0,101,18,19,48.6,Kepa Arrizabalaga,ESP,25-058,4,1,3,75,2,3,5,60,3,27.8,27.6,5,0,25,6,1,16.7,0,14,https://fbref.com/en/squads/cff3d9bb/2019-2020/Chelsea-Stats,Chelsea,2019-11-30,15:00,Premier League,Matchweek 14,Sat,Home,L,0,1,West Ham,2,0.8,65,40595,Jorginho,4-2-3-1,Jonathan Moss,
2019-11-30,Premier League,M,ENG,2019-2020,Saturday November 30, 2019,Premier League (Matchweek 14),Chelsea,4-2-3-1,0,2,
		
	,0,0,West Ham United,4-4-1-1,1,0.8,
		
			 Aaron Cresswell · 48&rsquor;
		
	,3,0,https://fbref.com/en/matches/aa1ff9cd/Chelsea-West-Ham-United-November-30-2019-Premier-League,West Ham United,Away,990,1,1,0,0,5,4,3,0,509,193,23,9,21,0.8,0.8,0.4,7,2,281,388,72.4,39,245,21,10,12,2019-11-30,281,388,72.4,5875,2679,111,134,82.8,113,141,80.1,51,93,54.8,0.4,4,31,4,2,39,388,355,33,5,0,94,10,9,3,1,0,2,225,56,107,127,194,28,13,7,281,0,11,11,15,23,12,14,5,4,12,43,27.9,31,193,44,22.8,81,86,26,21,5,0,16,32,37,0,509,78,188,221,119,13,477,83.3,10,0,1273,630,9,2,12,6,365,281,77,47,0,23,3,0,9,12,0,0,0,85,19,18,51.4,David Martin,ENG,33-312,5,0,5,100,1.1,12,26,46.2,3,83.3,62.4,11,100,65.5,15,0,0,0,6,https://fbref.com/en/squads/cff3d9bb/2019-2020/Chelsea-Stats,Chelsea,2019-11-30,15:00,Premier League,Matchweek 14,Sat,Home,L,0,1,West Ham,2,0.8,65,40595,Jorginho,4-2-3-1,Jonathan Moss,
2019-12-04,Premier League,M,ENG,2019-2020,Wednesday December 4, 2019,Premier League (Matchweek 15),Chelsea,4-2-3-1,2,2.1,
		
			Tammy Abraham · 24&rsquor; 
		
			Mason Mount · 48&rsquor; 
		
	,2,0,Aston Villa,4-3-3,1,0.7,
		
			 Trézéguet · 41&rsquor;
		
	,1,0,https://fbref.com/en/matches/3f316110/Chelsea-Aston-Villa-December-4-2019-Premier-League,Chelsea,Home,990,2,2,0,0,25,9,2,0,804,202,25,3,12,2.2,2.2,1.7,41,4,578,674,85.8,58,565,68,18,25,2019-12-04,578,674,85.8,9931,3291,268,298,89.9,234,251,93.2,55,86,64,1.7,19,41,17,4,58,674,631,43,9,0,106,16,13,9,5,4,0,484,64,126,50,563,21,19,10,578,0,10,8,18,25,16,11,9,5,4,18,22.2,14,202,61,30.2,60,97,45,12,5,0,7,28,21,0,804,58,204,411,236,45,760,72,18,1,2543,1390,14,10,11,20,642,578,90,68,0,19,10,0,13,16,0,0,0,107,15,20,42.9,Kepa Arrizabalaga,ESP,25-062,3,1,2,66.7,0.8,2,6,33.3,7,17.4,26.8,4,50,45.5,12,2,16.7,0,7.8,https://fbref.com/en/squads/cff3d9bb/2019-2020/Chelsea-Stats,Chelsea,2019-12-04,19:30,Premier League,Matchweek 15,Wed,Home,W,2,1,Aston Villa,2.1,0.7,64,40628,César Azpilicueta,4-2-3-1,Chris Kavanagh,
2019-12-04,Premier League,M,ENG,2019-2020,Wednesday December 4, 2019,Premier League (Matchweek 15),Chelsea,4-2-3-1,2,2.1,
		
			Tammy Abraham · 24&rsquor; 
		
			Mason Mount · 48&rsquor; 
		
	,2,0,Aston Villa,4-3-3,1,0.7,
		
			 Trézéguet · 41&rsquor;
		
	,1,0,https://fbref.com/en/matches/3f316110/Chelsea-Aston-Villa-December-4-2019-Premier-League,Aston Villa,Away,990,1,1,0,0,9,3,1,0,539,215,27,8,27,0.7,0.7,0.6,17,2,288,375,76.8,31,296,26,13,18,2019-12-04,288,375,76.8,6094,2468,112,122,91.8,114,140,81.4,56,97,57.7,0.6,8,22,9,5,31,375,322,53,18,0,107,10,12,5,5,0,0,215,49,111,155,173,13,19,3,288,1,9,3,6,27,19,10,15,2,7,25,28,18,215,57,26.5,71,106,38,27,10,0,17,35,38,0,539,86,193,227,137,19,489,72.2,14,1,1173,512,6,2,13,21,326,288,88.3,43,0,11,19,1,12,19,0,0,0,81,20,15,57.1,Tom Heaton,ENG,33-233,9,2,6,77.8,2,12,20,60,3,68.4,47.3,8,87.5,66,9,0,0,0,NA,https://fbref.com/en/squads/cff3d9bb/2019-2020/Chelsea-Stats,Chelsea,2019-12-04,19:30,Premier League,Matchweek 15,Wed,Home,W,2,1,Aston Villa,2.1,0.7,64,40628,César Azpilicueta,4-2-3-1,Chris Kavanagh,
2019-12-07,Premier League,M,ENG,2019-2020,Saturday December 7, 2019,Premier League (Matchweek 16),Everton,4-4-2,3,1.7,
		
			Richarlison · 5&rsquor; 
		
			Dominic Calvert-Lewin · 49&rsquor; 
		
			Dominic Calvert-Lewin · 84&rsquor; 
		
	,3,0,Chelsea,4-2-3-1,1,0.9,
		
			 Mateo Kovačić · 52&rsquor;
		
	,0,0,https://fbref.com/en/matches/1b69dd66/Everton-Chelsea-December-7-2019-Premier-League,Everton,Home,990,3,1,0,0,13,7,3,0,434,204,34,15,16,1.7,1.7,0.9,16,2,165,266,62,17,157,10,8,13,2019-12-07,165,266,62,3778,2003,77,96,80.2,51,73,69.9,33,86,38.4,0.9,8,16,9,4,17,266,218,48,12,1,66,7,8,1,1,0,0,111,64,91,73,133,16,20,2,165,2,11,7,6,34,21,16,14,4,13,41,31.7,28,204,44,21.6,89,79,36,16,4,0,12,49,40,0,434,69,166,146,137,24,386,61.5,9,0,771,366,5,3,13,13,239,165,69,26,0,18,8,2,8,21,0,0,0,83,25,23,52.1,Jordan Pickford,ENG,25-275,4,1,3,75,0.8,15,34,44.1,0,95.5,74.2,13,100,78.8,13,0,0,0,16.9,https://fbref.com/en/squads/cff3d9bb/2019-2020/Chelsea-Stats,Chelsea,2019-12-07,12:30,Premier League,Matchweek 16,Sat,Away,L,1,3,Everton,0.9,1.7,71,39114,César Azpilicueta,4-2-3-1,Craig Pawson,
2019-12-07,Premier League,M,ENG,2019-2020,Saturday December 7, 2019,Premier League (Matchweek 16),Everton,4-4-2,3,1.7,
		
			Richarlison · 5&rsquor; 
		
			Dominic Calvert-Lewin · 49&rsquor; 
		
			Dominic Calvert-Lewin · 84&rsquor; 
		
	,3,0,Chelsea,4-2-3-1,1,0.9,
		
			 Mateo Kovačić · 52&rsquor;
		
	,0,0,https://fbref.com/en/matches/1b69dd66/Everton-Chelsea-December-7-2019-Premier-League,Chelsea,Away,990,1,0,0,0,15,4,0,0,789,105,17,7,9,0.9,0.9,0.8,25,0,543,638,85.1,67,518,56,26,41,2019-12-07,543,638,85.1,11571,3533,187,209,89.5,229,251,91.2,119,155,76.8,0.8,12,52,20,6,67,638,581,57,16,1,120,27,20,5,0,3,1,468,74,96,77,507,9,26,8,543,3,10,14,12,17,11,13,2,2,4,13,30.8,9,105,34,32.4,42,42,21,9,3,0,6,24,29,1,789,70,292,348,205,43,734,63.4,28,1,2792,1709,16,4,16,21,615,543,88.3,81,0,10,18,3,20,11,0,0,0,105,23,25,47.9,Kepa Arrizabalaga,ESP,25-065,7,3,4,57.1,1.9,2,10,20,6,26.5,35.3,6,16.7,25.5,8,0,0,1,23.3,https://fbref.com/en/squads/cff3d9bb/2019-2020/Chelsea-Stats,Chelsea,2019-12-07,12:30,Premier League,Matchweek 16,Sat,Away,L,1,3,Everton,0.9,1.7,71,39114,César Azpilicueta,4-2-3-1,Craig Pawson,
2019-12-14,Premier League,M,ENG,2019-2020,Saturday December 14, 2019,Premier League (Matchweek 17),Chelsea,4-2-3-1,0,1.5,
		
	,1,0,Bournemouth,4-4-1-1,1,0.8,
		
			 Dan Gosling · 84&rsquor;
		
	,2,0,https://fbref.com/en/matches/b75094e0/Chelsea-Bournemouth-December-14-2019-Premier-League,Chelsea,Home,990,0,0,0,0,16,4,1,0,769,151,23,5,17,1.5,1.5,1.2,20,0,510,648,78.7,47,529,61,3,5,2019-12-14,510,648,78.7,11029,2813,160,202,79.2,253,282,89.7,94,144,65.3,1.2,9,44,13,7,47,648,599,49,13,0,110,22,24,9,1,7,1,448,82,118,112,465,26,19,7,510,3,16,9,22,23,12,8,10,5,1,7,14.3,6,151,56,37.1,44,60,47,17,5,0,12,28,31,0,769,73,211,386,223,37,722,60,4,0,2977,1719,16,7,13,5,615,510,82.9,58,0,9,14,3,24,12,0,0,0,131,32,21,60.4,Kepa Arrizabalaga,ESP,25-072,2,1,1,50,0.8,4,14,28.6,5,32.3,32.7,6,66.7,51.3,9,0,0,2,18.7,https://fbref.com/en/squads/cff3d9bb/2019-2020/Chelsea-Stats,Chelsea,2019-12-14,15:00,Premier League,Matchweek 17,Sat,Home,L,0,1,Bournemouth,1.5,0.8,65,40243,César Azpilicueta,4-2-3-1,Graham Scott,
2019-12-14,Premier League,M,ENG,2019-2020,Saturday December 14, 2019,Premier League (Matchweek 17),Chelsea,4-2-3-1,0,1.5,
		
	,1,0,Bournemouth,4-4-1-1,1,0.8,
		
			 Dan Gosling · 84&rsquor;
		
	,2,0,https://fbref.com/en/matches/b75094e0/Chelsea-Bournemouth-December-14-2019-Premier-League,Bournemouth,Away,990,1,1,0,0,8,2,2,0,492,173,6,11,30,0.8,0.8,0.7,11,1,221,350,63.1,21,232,23,6,7,2019-12-14,221,350,63.1,4297,1701,91,117,77.8,96,125,76.8,31,94,33,0.7,7,16,5,1,21,350,300,50,12,1,75,6,9,4,4,0,0,161,70,119,70,199,26,26,8,221,1,7,5,13,6,4,5,1,0,1,5,20,4,173,43,24.9,72,66,35,30,7,0,23,17,38,0,492,98,231,170,112,22,444,85.7,6,1,1205,615,8,4,11,22,297,221,74.4,29,0,14,9,1,9,4,0,0,0,120,21,32,39.6,Aaron Ramsdale,ENG,21-214,4,0,4,100,1.4,2,20,10,5,63,49,7,42.9,40.3,18,0,0,0,7.1,https://fbref.com/en/squads/cff3d9bb/2019-2020/Chelsea-Stats,Chelsea,2019-12-14,15:00,Premier League,Matchweek 17,Sat,Home,L,0,1,Bournemouth,1.5,0.8,65,40243,César Azpilicueta,4-2-3-1,Graham Scott,
2019-12-22,Premier League,M,ENG,2019-2020,Sunday December 22, 2019,Premier League (Matchweek 18),Tottenham Hotspur,4-2-3-1,0,0.4,
		
			Son Heung-min · 62&rsquor; 
		
	,4,1,Chelsea,3-4-3,2,1.4,
		
			 Willian · 12&rsquor;
		
			 Willian (P) · 45+4&rsquor;
		
	,3,0,https://fbref.com/en/matches/a1a20337/Tottenham-Hotspur-Chelsea-December-22-2019-Premier-League,Tottenham Hotspur,Home,961,0,0,0,0,5,1,4,1,601,224,18,5,19,0.4,0.4,0.3,10,0,387,505,76.6,28,365,37,13,18,2019-12-22,387,505,76.6,7658,2157,147,167,88,178,216,82.4,53,97,54.6,0.3,4,20,9,1,28,505,453,52,12,0,111,12,10,3,0,1,2,314,72,119,89,337,24,28,9,387,0,9,9,16,18,7,12,5,1,5,22,22.7,17,224,54,24.1,75,107,42,19,3,0,16,23,14,0,601,64,211,298,130,14,551,72.2,14,2,1766,857,12,2,15,9,468,387,82.7,30,0,11,12,0,10,7,0,1,0,101,17,14,54.8,Paulo Gazzaniga,ARG,27-354,2,2,1,50,1.4,3,15,20,6,37.5,35.2,6,100,76.2,9,1,11.1,1,17.2,https://fbref.com/en/squads/cff3d9bb/2019-2020/Chelsea-Stats,Chelsea,2019-12-22,16:30,Premier League,Matchweek 18,Sun,Away,W,2,0,Tottenham,1.4,0.4,54,61104,César Azpilicueta,3-4-3,Anthony Taylor,
2019-12-22,Premier League,M,ENG,2019-2020,Sunday December 22, 2019,Premier League (Matchweek 18),Tottenham Hotspur,4-2-3-1,0,0.4,
		
			Son Heung-min · 62&rsquor; 
		
	,4,1,Chelsea,3-4-3,2,1.4,
		
			 Willian · 12&rsquor;
		
			 Willian (P) · 45+4&rsquor;
		
	,3,0,https://fbref.com/en/matches/a1a20337/Tottenham-Hotspur-Chelsea-December-22-2019-Premier-League,Chelsea,Away,990,2,1,1,1,12,2,3,0,707,197,13,9,20,1.4,0.6,0.4,22,4,488,599,81.5,36,469,43,15,22,2019-12-22,488,599,81.5,9824,2922,196,222,88.3,202,233,86.7,81,122,66.4,0.4,8,42,12,4,36,599,560,39,6,2,125,14,13,5,2,1,0,373,74,152,124,411,22,23,7,488,1,7,4,16,13,8,6,7,0,4,18,22.2,14,197,61,31,67,87,43,20,4,0,16,22,20,0,707,56,226,321,210,27,668,68.2,17,0,2314,1080,12,3,14,13,577,488,84.6,47,0,12,10,2,13,8,1,0,0,110,14,17,45.2,Kepa Arrizabalaga,ESP,25-080,1,0,1,100,0.3,7,15,46.7,6,40.7,38.4,4,100,72.3,6,1,16.7,1,16.2,https://fbref.com/en/squads/cff3d9bb/2019-2020/Chelsea-Stats,Chelsea,2019-12-22,16:30,Premier League,Matchweek 18,Sun,Away,W,2,0,Tottenham,1.4,0.4,54,61104,César Azpilicueta,3-4-3,Anthony Taylor,
2019-12-26,Premier League,M,ENG,2019-2020,Thursday December 26, 2019,Premier League (Matchweek 19),Chelsea,3-4-3,0,0.5,
		
	,3,0,Southampton,4-4-2,2,0.7,
		
			 Michael Obafemi · 31&rsquor;
		
			 Nathan Redmond · 73&rsquor;
		
	,2,0,https://fbref.com/en/matches/d9a73d72/Chelsea-Southampton-December-26-2019-Premier-League,Chelsea,Home,990,0,0,0,0,10,4,3,0,887,137,28,11,12,0.5,0.5,0.4,19,0,589,730,80.7,61,639,72,23,32,2019-12-26,589,730,80.7,11151,3572,229,260,88.1,259,308,84.1,83,121,68.6,0.4,9,50,16,0,61,730,670,60,10,1,125,24,17,8,4,2,0,468,164,98,140,512,23,33,9,589,1,7,7,26,28,20,10,13,5,7,19,36.8,12,137,51,37.2,28,76,33,12,3,0,9,39,37,0,887,63,240,413,287,33,830,71.9,25,0,3065,1665,20,4,19,26,702,589,83.9,71,0,10,13,1,17,20,0,0,0,139,33,26,55.9,Kepa Arrizabalaga,ESP,25-084,3,2,1,33.3,1.7,4,7,57.1,5,19.4,29.3,6,16.7,25.7,4,1,25,5,25.7,https://fbref.com/en/squads/cff3d9bb/2019-2020/Chelsea-Stats,Chelsea,2019-12-26,15:00,Premier League,Matchweek 19,Thu,Home,L,0,2,Southampton,0.5,0.7,66,40651,César Azpilicueta,3-4-3,Jonathan Moss,
2019-12-26,Premier League,M,ENG,2019-2020,Thursday December 26, 2019,Premier League (Matchweek 19),Chelsea,3-4-3,0,0.5,
		
	,3,0,Southampton,4-4-2,2,0.7,
		
			 Michael Obafemi · 31&rsquor;
		
			 Nathan Redmond · 73&rsquor;
		
	,2,0,https://fbref.com/en/matches/d9a73d72/Chelsea-Southampton-December-26-2019-Premier-League,Southampton,Away,990,2,1,0,0,5,3,2,0,552,267,33,9,28,0.7,0.7,0.4,6,2,253,381,66.4,30,249,20,12,19,2019-12-26,253,381,66.4,4504,1937,127,147,86.4,91,131,69.5,29,82,35.4,0.4,3,16,1,0,30,381,340,41,11,0,75,9,6,1,1,0,0,162,99,120,62,241,32,21,9,253,2,14,10,9,33,20,19,13,1,7,32,21.9,25,267,75,28.1,114,106,47,28,2,0,26,42,45,0,552,70,218,276,78,10,512,63.2,12,1,1235,575,6,3,16,21,331,253,76.4,38,0,13,9,2,6,20,0,0,0,131,26,33,44.1,Alex McCarthy,ENG,30-023,4,0,4,100,0.7,6,20,30,2,81.3,54,7,100,72.4,12,0,0,0,8.6,https://fbref.com/en/squads/cff3d9bb/2019-2020/Chelsea-Stats,Chelsea,2019-12-26,15:00,Premier League,Matchweek 19,Thu,Home,L,0,2,Southampton,0.5,0.7,66,40651,César Azpilicueta,3-4-3,Jonathan Moss,
2019-12-29,Premier League,M,ENG,2019-2020,Sunday December 29, 2019,Premier League (Matchweek 20),Arsenal,4-2-3-1,1,0.8,
		
			Pierre-Emerick Aubameyang · 13&rsquor; 
		
	,5,0,Chelsea,3-4-3,2,1.5,
		
			 Jorginho · 83&rsquor;
		
			 Tammy Abraham · 87&rsquor;
		
	,4,0,https://fbref.com/en/matches/850e18c6/North-West-London-Derby-Arsenal-Chelsea-December-29-2019-Premier-League,Arsenal,Home,990,1,1,0,0,7,2,5,0,574,217,16,8,21,0.8,0.8,0.2,12,1,352,442,79.6,18,362,23,7,15,2019-12-29,352,442,79.6,6821,2156,135,150,90,154,181,85.1,53,88,60.2,0.2,4,14,5,2,18,442,393,49,19,0,77,12,6,2,1,1,0,275,85,82,106,280,21,17,9,352,2,8,6,12,16,8,11,3,2,4,13,30.8,9,217,58,26.7,80,110,27,21,3,0,18,24,28,1,574,78,215,293,86,16,526,46.7,7,1,1566,761,6,1,13,16,420,352,83.8,24,0,16,19,2,6,8,0,0,0,85,21,17,55.3,Bernd Leno,GER,27-300,4,2,2,50,1.4,1,14,7.1,5,41.4,37.7,8,25,36,12,1,8.3,1,14.8,https://fbref.com/en/squads/cff3d9bb/2019-2020/Chelsea-Stats,Chelsea,2019-12-29,14:00,Premier League,Matchweek 20,Sun,Away,W,2,1,Arsenal,1.5,0.8,58,60309,César Azpilicueta,3-4-3,Craig Pawson,
2019-12-29,Premier League,M,ENG,2019-2020,Sunday December 29, 2019,Premier League (Matchweek 20),Arsenal,4-2-3-1,1,0.8,
		
			Pierre-Emerick Aubameyang · 13&rsquor; 
		
	,5,0,Chelsea,3-4-3,2,1.5,
		
			 Jorginho · 83&rsquor;
		
			 Tammy Abraham · 87&rsquor;
		
	,4,0,https://fbref.com/en/matches/850e18c6/North-West-London-Derby-Arsenal-Chelsea-December-29-2019-Premier-League,Chelsea,Away,990,2,2,0,0,13,4,4,0,725,175,24,6,12,1.5,1.5,0.5,18,4,507,614,82.6,35,520,50,8,13,2019-12-29,507,614,82.6,10532,2785,182,211,86.3,219,247,88.7,91,125,72.8,0.5,9,35,9,1,35,614,563,51,15,1,121,31,17,3,0,0,2,401,77,136,85,470,13,25,11,507,1,11,8,18,24,17,9,13,2,8,15,53.3,7,175,58,33.1,33,98,44,12,0,0,12,30,21,0,725,59,183,402,191,25,676,61.5,9,0,2555,1273,17,4,8,12,597,507,84.9,44,0,20,16,1,17,17,0,0,0,94,17,21,44.7,Kepa Arrizabalaga,ESP,25-087,2,1,1,50,0.8,4,8,50,7,29.2,29.1,6,16.7,24,5,0,0,1,15.3,https://fbref.com/en/squads/cff3d9bb/2019-2020/Chelsea-Stats,Chelsea,2019-12-29,14:00,Premier League,Matchweek 20,Sun,Away,W,2,1,Arsenal,1.5,0.8,58,60309,César Azpilicueta,3-4-3,Craig Pawson,
2020-01-01,Premier League,M,ENG,2019-2020,Wednesday January 1, 2020,Premier League (Matchweek 21),Brighton & Hove Albion,4-4-2◆,1,0.9,
		
			Alireza Jahanbakhsh · 84&rsquor; 
		
	,2,0,Chelsea,4-2-3-1,1,1.6,
		
			 César Azpilicueta · 10&rsquor;
		
	,3,0,https://fbref.com/en/matches/9b72407a/Brighton-and-Hove-Albion-Chelsea-January-1-2020-Premier-League,Brighton & Hove Albion,Home,990,1,1,0,0,15,5,2,0,666,195,20,5,23,0.9,0.9,0.6,25,2,403,519,77.6,44,396,25,8,16,2020-01-01,403,519,77.6,8219,2952,149,185,80.5,180,206,87.4,66,108,61.1,0.6,10,27,12,2,44,519,460,59,17,0,112,18,11,5,2,3,0,281,106,132,95,364,19,27,5,403,0,12,10,11,20,14,10,7,3,5,16,31.3,11,195,58,29.7,48,96,51,23,7,1,16,25,30,1,666,80,256,269,174,31,609,50,8,0,2000,892,9,5,19,20,493,403,81.7,51,0,9,17,0,11,14,0,0,0,113,19,16,54.3,Mathew Ryan,AUS,27-268,4,1,3,75,1.1,9,15,60,4,36.1,32.3,8,25,25,4,0,0,0,13,https://fbref.com/en/squads/cff3d9bb/2019-2020/Chelsea-Stats,Chelsea,2020-01-01,12:30,Premier League,Matchweek 21,Wed,Away,D,1,1,Brighton,1.6,0.9,52,30559,César Azpilicueta,4-2-3-1,Stuart Attwell,
2020-01-01,Premier League,M,ENG,2019-2020,Wednesday January 1, 2020,Premier League (Matchweek 21),Brighton & Hove Albion,4-4-2◆,1,0.9,
		
			Alireza Jahanbakhsh · 84&rsquor; 
		
	,2,0,Chelsea,4-2-3-1,1,1.6,
		
			 César Azpilicueta · 10&rsquor;
		
	,3,0,https://fbref.com/en/matches/9b72407a/Brighton-and-Hove-Albion-Chelsea-January-1-2020-Premier-League,Chelsea,Away,990,1,0,0,0,16,4,3,0,713,201,28,10,18,1.7,1.7,0.7,22,1,456,573,79.6,32,456,49,10,16,2020-01-01,456,573,79.6,8606,2785,195,228,85.5,193,225,85.8,62,99,62.6,0.7,11,29,8,2,32,573,526,47,8,2,141,19,12,3,1,2,0,359,96,118,74,437,19,27,4,456,3,15,5,16,28,17,12,12,4,8,16,50,8,201,63,31.3,66,73,62,18,7,0,11,38,31,0,713,82,290,307,154,34,668,62.5,11,0,2089,1045,11,11,11,15,535,456,85.2,41,0,17,9,3,12,17,0,0,0,111,16,19,45.7,Kepa Arrizabalaga,ESP,25-090,5,1,4,80,1.4,3,8,37.5,2,27.3,32.4,7,28.6,30.3,8,1,12.5,1,31,https://fbref.com/en/squads/cff3d9bb/2019-2020/Chelsea-Stats,Chelsea,2020-01-01,12:30,Premier League,Matchweek 21,Wed,Away,D,1,1,Brighton,1.6,0.9,52,30559,César Azpilicueta,4-2-3-1,Stuart Attwell,
2020-01-11,Premier League,M,ENG,2019-2020,Saturday January 11, 2020,Premier League (Matchweek 22),Chelsea,4-3-3,3,2.6,
		
			Jorginho (P) · 27&rsquor; 
		
			Tammy Abraham · 38&rsquor; 
		
			Callum Hudson-Odoi · 49&rsquor; 
		
	,0,0,Burnley,4-4-1-1,0,0.4,
		
	,3,0,https://fbref.com/en/matches/17a5a8ef/Chelsea-Burnley-January-11-2020-Premier-League,Chelsea,Home,990,3,2,1,1,17,7,0,0,721,108,15,8,13,2.6,1.8,1.7,32,6,502,590,85.1,33,526,60,8,14,2020-01-11,502,590,85.1,9840,2776,191,208,91.8,227,252,90.1,74,111,66.7,1.7,13,34,19,7,33,590,537,53,8,0,86,22,22,10,0,4,1,395,116,79,98,451,6,30,4,502,5,7,8,10,15,10,7,7,1,2,16,12.5,14,108,34,31.5,41,48,19,13,4,1,9,23,39,0,721,59,207,337,217,42,667,57.1,10,1,2534,1437,13,9,18,9,564,502,89,46,0,8,6,6,22,10,1,0,0,83,17,24,41.5,Kepa Arrizabalaga,ESP,25-100,1,0,1,100,0.1,1,8,12.5,3,17.9,29,4,75,57.8,6,0,0,1,18,https://fbref.com/en/squads/cff3d9bb/2019-2020/Chelsea-Stats,Chelsea,2020-01-11,15:00,Premier League,Matchweek 22,Sat,Home,W,3,0,Burnley,2.6,0.4,65,40396,César Azpilicueta,4-3-3,Kevin Friend,
2020-01-11,Premier League,M,ENG,2019-2020,Saturday January 11, 2020,Premier League (Matchweek 22),Chelsea,4-3-3,3,2.6,
		
			Jorginho (P) · 27&rsquor; 
		
			Tammy Abraham · 38&rsquor; 
		
			Callum Hudson-Odoi · 49&rsquor; 
		
	,0,0,Burnley,4-4-1-1,0,0.4,
		
	,3,0,https://fbref.com/en/matches/17a5a8ef/Chelsea-Burnley-January-11-2020-Premier-League,Burnley,Away,990,0,0,0,0,7,1,3,0,430,134,13,8,16,0.5,0.5,0.2,9,0,223,313,71.2,11,250,17,13,16,2020-01-11,223,313,71.2,4430,1654,90,107,84.1,93,104,89.4,32,86,37.2,0.2,2,15,2,0,11,313,270,43,9,0,29,11,8,3,2,0,0,144,94,75,87,174,10,17,6,223,6,11,8,9,13,5,9,4,0,4,14,28.6,10,134,29,21.6,54,46,34,16,6,0,10,21,32,0,430,70,160,201,90,11,385,81.3,14,0,1071,463,5,1,13,13,290,223,76.9,14,0,6,8,6,8,5,0,1,0,70,24,17,58.5,Nick Pope,ENG,27-267,7,3,5,71.4,3.1,8,29,27.6,3,79.2,51.7,10,100,71.1,14,2,14.3,1,18.3,https://fbref.com/en/squads/cff3d9bb/2019-2020/Chelsea-Stats,Chelsea,2020-01-11,15:00,Premier League,Matchweek 22,Sat,Home,W,3,0,Burnley,2.6,0.4,65,40396,César Azpilicueta,4-3-3,Kevin Friend,
2020-01-18,Premier League,M,ENG,2019-2020,Saturday January 18, 2020,Premier League (Matchweek 23),Newcastle United,3-4-3,1,0.6,
		
			Isaac Hayden · 90+4&rsquor; 
		
	,1,0,Chelsea,4-3-3,0,2,
		
	,1,0,https://fbref.com/en/matches/e5a20f1e/Newcastle-United-Chelsea-January-18-2020-Premier-League,Newcastle United,Home,990,1,1,0,0,6,2,1,0,461,141,17,17,25,0.6,0.6,0.5,9,1,209,322,64.9,9,226,15,9,13,2020-01-18,209,322,64.9,4271,1867,95,119,79.8,75,113,66.4,37,77,48.1,0.5,5,7,9,3,9,322,267,55,16,0,71,11,8,1,0,1,0,137,50,135,91,162,19,26,4,209,1,13,8,16,17,9,12,4,1,6,11,54.5,5,141,37,26.2,78,44,19,25,9,0,16,34,35,1,461,83,211,167,106,13,407,69.2,10,0,1061,452,7,0,15,12,289,209,72.3,26,0,13,14,1,8,9,0,0,0,90,25,17,59.5,Martin Dúbravka,SVK,31-003,4,0,4,100,0.7,11,29,37.9,1,85.7,60,11,100,65.7,9,0,0,0,10.3,https://fbref.com/en/squads/cff3d9bb/2019-2020/Chelsea-Stats,Chelsea,2020-01-18,17:30,Premier League,Matchweek 23,Sat,Away,L,0,1,Newcastle Utd,2,0.6,69,52217,César Azpilicueta,4-3-3,Chris Kavanagh,
2020-01-18,Premier League,M,ENG,2019-2020,Saturday January 18, 2020,Premier League (Matchweek 23),Newcastle United,3-4-3,1,0.6,
		
			Isaac Hayden · 90+4&rsquor; 
		
	,1,0,Chelsea,4-3-3,0,2,
		
	,1,0,https://fbref.com/en/matches/e5a20f1e/Newcastle-United-Chelsea-January-18-2020-Premier-League,Chelsea,Away,990,0,0,0,0,19,4,1,0,810,138,15,8,15,2,2,1.3,32,0,584,703,83.1,49,603,111,5,11,2020-01-18,584,703,83.1,10947,2773,246,280,87.9,242,280,86.4,84,117,71.8,1.3,15,50,15,2,49,703,653,50,9,1,98,19,19,10,5,3,0,492,108,103,77,554,26,24,8,584,2,12,15,15,15,8,4,8,3,3,13,23.1,10,138,41,29.7,44,54,40,15,0,0,15,23,15,0,810,28,145,355,370,38,760,45.5,5,0,3307,2040,36,10,9,11,691,584,84.5,59,0,15,12,2,19,8,0,0,0,112,17,25,40.5,Kepa Arrizabalaga,ESP,25-107,2,1,1,50,0.8,2,5,40,2,20,25.7,5,60,43.6,7,0,0,0,7,https://fbref.com/en/squads/cff3d9bb/2019-2020/Chelsea-Stats,Chelsea,2020-01-18,17:30,Premier League,Matchweek 23,Sat,Away,L,0,1,Newcastle Utd,2,0.6,69,52217,César Azpilicueta,4-3-3,Chris Kavanagh,
2020-01-21,Premier League,M,ENG,2019-2020,Tuesday January 21, 2020,Premier League (Matchweek 24),Chelsea,4-3-3,2,2.8,
		
			Jorginho (P) · 28&rsquor; 
		
			César Azpilicueta · 84&rsquor; 
		
	,2,0,Arsenal,4-2-3-1,2,0.5,
		
			 David Luiz · 26&rsquor;
		
			 Martinelli · 63&rsquor;
		
			 Héctor Bellerín · 87&rsquor;
		
	,1,1,https://fbref.com/en/matches/38d058ad/North-West-London-Derby-Chelsea-Arsenal-January-21-2020-Premier-League,Chelsea,Home,990,2,1,1,1,18,7,2,0,724,163,23,9,13,2.8,2,2,34,4,509,601,84.7,43,505,72,12,23,2020-01-21,509,601,84.7,9998,2543,205,234,87.6,213,242,88,86,112,76.8,2,17,47,19,6,43,601,553,48,6,0,113,20,29,18,4,2,2,436,60,105,107,435,20,20,5,509,2,9,6,10,23,8,13,9,1,8,16,50,8,163,40,24.5,42,76,45,13,0,0,13,32,24,0,724,46,163,323,275,51,675,52.2,14,0,2527,1431,12,10,7,7,563,509,90.4,54,0,14,8,2,29,8,1,0,0,84,22,13,62.9,Kepa Arrizabalaga,ESP,25-110,2,2,0,0,1,1,4,25,1,26.7,30.3,1,0,20,4,0,0,1,31,https://fbref.com/en/squads/cff3d9bb/2019-2020/Chelsea-Stats,Chelsea,2020-01-21,20:15,Premier League,Matchweek 24,Tue,Home,D,2,2,Arsenal,2.8,0.5,60,40577,César Azpilicueta,4-3-3,Stuart Attwell,
2020-01-21,Premier League,M,ENG,2019-2020,Tuesday January 21, 2020,Premier League (Matchweek 24),Chelsea,4-3-3,2,2.8,
		
			Jorginho (P) · 28&rsquor; 
		
			César Azpilicueta · 84&rsquor; 
		
	,2,0,Arsenal,4-2-3-1,2,0.5,
		
			 David Luiz · 26&rsquor;
		
			 Martinelli · 63&rsquor;
		
			 Héctor Bellerín · 87&rsquor;
		
	,1,1,https://fbref.com/en/matches/38d058ad/North-West-London-Derby-Chelsea-Arsenal-January-21-2020-Premier-League,Arsenal,Away,925,2,2,0,0,2,2,1,1,537,173,16,6,15,0.5,0.5,0,2,2,316,407,77.6,22,333,28,8,16,2020-01-21,316,407,77.6,6509,1867,116,136,85.3,138,162,85.2,58,95,61.1,0,1,21,5,1,22,407,354,53,13,0,76,15,7,5,0,2,2,252,67,88,132,220,19,23,6,316,1,7,8,13,16,7,11,3,2,9,23,39.1,14,173,45,26,83,54,36,15,5,0,10,22,35,1,537,92,227,246,98,17,485,50,8,0,1752,919,11,5,12,15,381,316,82.9,27,0,8,14,1,7,7,0,0,0,79,13,22,37.1,Bernd Leno,GER,27-323,7,2,6,85.7,3.2,4,18,22.2,4,47.6,39.3,9,88.9,62.1,20,0,0,1,12,https://fbref.com/en/squads/cff3d9bb/2019-2020/Chelsea-Stats,Chelsea,2020-01-21,20:15,Premier League,Matchweek 24,Tue,Home,D,2,2,Arsenal,2.8,0.5,60,40577,César Azpilicueta,4-3-3,Stuart Attwell,
2020-02-01,Premier League,M,ENG,2019-2020,Saturday February 1, 2020,Premier League (Matchweek 25),Leicester City,4-1-4-1,2,1.6,
		
			Harvey Barnes · 54&rsquor; 
		
			Ben Chilwell · 64&rsquor; 
		
	,2,0,Chelsea,4-2-3-1,2,0.4,
		
			 Antonio Rüdiger · 46&rsquor;
		
			 Antonio Rüdiger · 71&rsquor;
		
	,2,0,https://fbref.com/en/matches/270dc7ba/Leicester-City-Chelsea-February-1-2020-Premier-League,Leicester City,Home,990,2,2,0,0,14,4,2,0,625,214,32,3,14,1.6,1.6,1.5,26,4,384,492,78,35,382,27,6,8,2020-02-01,384,492,78,7409,2449,143,175,81.7,176,194,90.7,59,103,57.3,1.5,12,27,6,2,35,492,442,50,13,3,86,9,9,4,1,3,0,292,86,114,96,334,29,24,3,384,1,11,5,13,32,22,14,17,1,8,18,44.4,10,214,71,33.2,59,113,42,14,3,0,11,35,28,1,625,87,249,261,136,22,576,75,6,0,1970,946,5,7,13,17,465,384,82.6,44,0,19,14,1,9,22,0,0,0,106,10,14,41.7,Kasper Schmeichel,DEN,33-088,3,2,1,33.3,0.8,4,10,40,2,23.7,29.7,6,16.7,26.8,7,0,0,0,16.5,https://fbref.com/en/squads/cff3d9bb/2019-2020/Chelsea-Stats,Chelsea,2020-02-01,12:30,Premier League,Matchweek 25,Sat,Away,D,2,2,Leicester City,0.4,1.6,51,32186,César Azpilicueta,4-2-3-1,Lee Mason,
2020-02-01,Premier League,M,ENG,2019-2020,Saturday February 1, 2020,Premier League (Matchweek 25),Leicester City,4-1-4-1,2,1.6,
		
			Harvey Barnes · 54&rsquor; 
		
			Ben Chilwell · 64&rsquor; 
		
	,2,0,Chelsea,4-2-3-1,2,0.4,
		
			 Antonio Rüdiger · 46&rsquor;
		
			 Antonio Rüdiger · 71&rsquor;
		
	,2,0,https://fbref.com/en/matches/270dc7ba/Leicester-City-Chelsea-February-1-2020-Premier-League,Chelsea,Away,990,2,2,0,0,7,3,2,0,655,213,19,5,18,0.4,0.4,0.3,9,3,408,507,80.5,25,371,48,8,18,2020-02-01,408,507,80.5,7830,2418,165,186,88.7,162,191,84.8,67,107,62.6,0.3,4,25,6,1,25,507,446,61,16,1,130,17,11,6,2,2,0,312,81,114,87,355,21,29,7,408,1,11,3,10,19,13,10,8,1,2,8,25,6,213,69,32.4,62,84,67,18,6,0,12,24,37,0,655,69,217,332,141,20,598,44.4,10,0,1907,1007,9,4,18,24,470,408,86.8,38,0,14,17,1,11,13,0,0,0,100,14,10,58.3,Willy Caballero,ARG,38-126,4,2,2,50,1.1,5,12,41.7,3,29.2,29.3,7,71.4,53.9,5,0,0,0,10,https://fbref.com/en/squads/cff3d9bb/2019-2020/Chelsea-Stats,Chelsea,2020-02-01,12:30,Premier League,Matchweek 25,Sat,Away,D,2,2,Leicester City,0.4,1.6,51,32186,César Azpilicueta,4-2-3-1,Lee Mason,
2020-02-17,Premier League,M,ENG,2019-2020,Monday February 17, 2020,Premier League (Matchweek 26),Chelsea,4-3-3,0,1.4,
		
	,4,0,Manchester United,3-4-1-2,2,0.8,
		
			 Anthony Martial · 45&rsquor;
		
			 Harry Maguire · 66&rsquor;
		
	,3,0,https://fbref.com/en/matches/2619bcb9/Chelsea-Manchester-United-February-17-2020-Premier-League,Chelsea,Home,990,0,0,0,0,17,0,4,0,752,179,26,2,14,1.4,1.4,0.8,19,0,537,638,84.2,29,484,52,7,14,2020-02-17,537,638,84.2,9984,2744,229,246,93.1,226,253,89.3,65,105,61.9,0.8,9,39,7,0,29,638,590,48,10,1,88,20,12,9,3,4,0,440,84,114,92,501,13,20,3,537,2,11,8,19,26,16,9,14,3,4,16,25,12,179,52,29.1,56,80,43,14,2,0,12,28,18,0,752,69,241,360,197,33,707,50,9,0,2434,1300,14,8,17,6,609,537,88.2,32,0,14,12,2,12,16,0,0,0,105,13,15,46.4,Willy Caballero,ARG,38-142,3,2,1,33.3,1.5,6,13,46.2,1,46.2,34.7,6,16.7,25,6,0,0,0,NA,https://fbref.com/en/squads/cff3d9bb/2019-2020/Chelsea-Stats,Chelsea,2020-02-17,20:00,Premier League,Matchweek 26,Mon,Home,L,0,2,Manchester Utd,1.4,0.8,61,40504,César Azpilicueta,4-3-3,Anthony Taylor,
2020-02-17,Premier League,M,ENG,2019-2020,Monday February 17, 2020,Premier League (Matchweek 26),Chelsea,4-3-3,0,1.4,
		
	,4,0,Manchester United,3-4-1-2,2,0.8,
		
			 Anthony Martial · 45&rsquor;
		
			 Harry Maguire · 66&rsquor;
		
	,3,0,https://fbref.com/en/matches/2619bcb9/Chelsea-Manchester-United-February-17-2020-Premier-League,Manchester United,Away,990,2,2,0,0,9,3,3,0,535,151,11,9,30,0.8,0.8,0.7,12,3,323,415,77.8,28,335,34,10,16,2020-02-17,323,415,77.8,6006,2133,146,169,86.4,128,150,85.3,44,81,54.3,0.7,7,19,3,2,28,415,370,45,13,1,79,15,9,8,4,2,0,246,76,93,163,205,15,16,4,323,0,9,2,12,11,5,3,5,3,5,14,35.7,9,151,34,22.5,46,64,41,30,11,0,19,20,25,0,535,68,182,259,133,17,490,62.5,12,0,1581,867,13,7,11,22,360,323,89.7,37,0,13,12,0,9,5,0,0,0,89,15,13,53.6,David de Gea,ESP,29-102,0,0,0,NA,0,5,13,38.5,1,73.3,51.7,7,28.6,32.3,6,0,0,0,20,https://fbref.com/en/squads/cff3d9bb/2019-2020/Chelsea-Stats,Chelsea,2020-02-17,20:00,Premier League,Matchweek 26,Mon,Home,L,0,2,Manchester Utd,1.4,0.8,61,40504,César Azpilicueta,4-3-3,Anthony Taylor,
2020-02-22,Premier League,M,ENG,2019-2020,Saturday February 22, 2020,Premier League (Matchweek 27),Chelsea,3-4-3,2,1.6,
		
			Olivier Giroud · 15&rsquor; 
		
			Marcos Alonso · 48&rsquor; 
		
	,1,0,Tottenham Hotspur,3-4-3,1,0.4,
		
			 Antonio Rüdiger (OG) · 89&rsquor;
		
	,2,0,https://fbref.com/en/matches/fdd364a6/Chelsea-Tottenham-Hotspur-February-22-2020-Premier-League,Chelsea,Home,990,2,1,0,0,18,7,1,0,718,236,34,8,30,1.6,1.6,1.1,29,3,473,565,83.7,27,524,40,14,17,2020-02-22,473,565,83.7,8319,2609,214,232,92.2,199,219,90.9,46,89,51.7,1.1,11,22,4,0,27,565,523,42,13,1,63,14,6,3,2,1,0,405,56,104,103,406,17,20,7,473,1,7,4,11,34,21,12,17,5,15,35,42.9,20,236,75,31.8,49,132,55,30,2,0,28,42,22,0,718,57,195,408,145,21,676,82.4,15,1,1939,859,2,5,13,15,538,473,87.9,27,0,19,17,1,6,21,0,0,1,97,10,18,35.7,Willy Caballero,ARG,38-147,3,1,3,66.7,0.3,5,22,22.7,4,69,44.4,4,50,40,3,0,0,2,13.6,https://fbref.com/en/squads/cff3d9bb/2019-2020/Chelsea-Stats,Chelsea,2020-02-22,12:30,Premier League,Matchweek 27,Sat,Home,W,2,1,Tottenham,1.6,0.4,48,40608,César Azpilicueta,3-4-3,Michael Oliver,
2020-02-22,Premier League,M,ENG,2019-2020,Saturday February 22, 2020,Premier League (Matchweek 27),Chelsea,3-4-3,2,1.6,
		
			Olivier Giroud · 15&rsquor; 
		
			Marcos Alonso · 48&rsquor; 
		
	,1,0,Tottenham Hotspur,3-4-3,1,0.4,
		
			 Antonio Rüdiger (OG) · 89&rsquor;
		
	,2,0,https://fbref.com/en/matches/fdd364a6/Chelsea-Tottenham-Hotspur-February-22-2020-Premier-League,Tottenham Hotspur,Away,990,0,0,0,0,5,3,2,0,719,215,17,4,13,0.4,0.4,0.4,10,0,488,602,81.1,25,444,36,16,35,2020-02-22,488,602,81.1,8761,2749,228,256,89.1,190,227,83.7,56,84,66.7,0.4,4,26,2,1,25,602,541,61,14,1,153,8,5,5,1,3,1,402,103,97,211,322,17,30,11,488,0,8,8,27,17,15,6,8,3,2,17,11.8,15,215,82,38.1,70,120,25,13,3,0,10,21,23,0,719,74,218,416,121,11,662,45.7,20,0,1958,858,11,3,8,19,576,488,84.7,25,0,18,19,0,5,15,0,0,0,104,18,10,64.3,Hugo Lloris,FRA,33-058,7,2,5,71.4,2.1,5,11,45.5,5,25,29.8,9,44.4,32.9,4,0,0,1,15.7,https://fbref.com/en/squads/cff3d9bb/2019-2020/Chelsea-Stats,Chelsea,2020-02-22,12:30,Premier League,Matchweek 27,Sat,Home,W,2,1,Tottenham,1.6,0.4,48,40608,César Azpilicueta,3-4-3,Michael Oliver,
2020-02-29,Premier League,M,ENG,2019-2020,Saturday February 29, 2020,Premier League (Matchweek 28),Bournemouth,4-3-3,2,1.9,
		
			Jefferson Lerma · 54&rsquor; 
		
			Joshua King · 57&rsquor; 
		
	,2,0,Chelsea,3-4-3,2,1.9,
		
			 Marcos Alonso · 33&rsquor;
		
			 Marcos Alonso · 85&rsquor;
		
	,2,0,https://fbref.com/en/matches/57d79762/Bournemouth-Chelsea-February-29-2020-Premier-League,Bournemouth,Home,990,2,2,0,0,9,5,2,0,480,244,10,1,31,1.9,1.9,1.5,15,3,228,323,70.6,24,242,18,10,26,2020-02-29,228,323,70.6,4730,2068,92,116,79.3,89,106,84,43,86,50,1.5,7,18,8,3,24,323,283,40,7,0,89,4,7,4,0,3,0,132,79,112,67,185,37,17,5,228,0,11,5,10,10,8,3,6,1,2,13,15.4,11,244,43,17.6,90,89,65,31,6,0,25,11,53,1,480,96,202,194,109,15,440,38.5,13,2,1244,556,5,2,19,10,293,228,77.8,34,0,12,7,1,7,8,0,0,0,106,18,26,40.9,Aaron Ramsdale,ENG,21-291,6,2,4,66.7,1.4,9,20,45,2,68.8,51.6,9,100,75.3,16,0,0,0,9.2,https://fbref.com/en/squads/cff3d9bb/2019-2020/Chelsea-Stats,Chelsea,2020-02-29,15:00,Premier League,Matchweek 28,Sat,Away,D,2,2,Bournemouth,1.9,1.9,73,10667,César Azpilicueta,3-4-3,Andre Marriner,
2020-02-29,Premier League,M,ENG,2019-2020,Saturday February 29, 2020,Premier League (Matchweek 28),Bournemouth,4-3-3,2,1.9,
		
			Jefferson Lerma · 54&rsquor; 
		
			Joshua King · 57&rsquor; 
		
	,2,0,Chelsea,3-4-3,2,1.9,
		
			 Marcos Alonso · 33&rsquor;
		
			 Marcos Alonso · 85&rsquor;
		
	,2,0,https://fbref.com/en/matches/57d79762/Bournemouth-Chelsea-February-29-2020-Premier-League,Chelsea,Away,990,2,0,0,0,23,6,2,0,983,148,23,6,15,2,2,1.3,37,2,739,862,85.7,52,746,82,11,13,2020-02-29,739,862,85.7,13851,3793,307,345,89,341,370,92.2,85,120,70.8,1.3,16,59,18,7,52,862,810,52,8,0,142,18,22,14,4,9,0,530,218,114,130,664,22,22,8,739,2,8,1,26,23,12,9,7,7,13,26,50,13,148,58,39.2,39,60,49,15,4,0,11,29,34,1,983,66,263,443,324,48,931,84.6,11,1,3296,1643,16,5,9,8,827,739,89.4,66,0,7,12,2,22,12,0,0,0,108,26,18,59.1,Willy Caballero,ARG,38-154,5,2,3,60,3,7,12,58.3,2,33.3,32.7,5,80,49.4,4,0,0,0,16,https://fbref.com/en/squads/cff3d9bb/2019-2020/Chelsea-Stats,Chelsea,2020-02-29,15:00,Premier League,Matchweek 28,Sat,Away,D,2,2,Bournemouth,1.9,1.9,73,10667,César Azpilicueta,3-4-3,Andre Marriner,
2020-03-08,Premier League,M,ENG,2019-2020,Sunday March 8, 2020,Premier League (Matchweek 29),Chelsea,4-3-3,4,1.9,
		
			Mason Mount · 14&rsquor; 
		
			Pedro · 21&rsquor; 
		
			Willian · 51&rsquor; 
		
			Olivier Giroud · 54&rsquor; 
		
	,1,0,Everton,4-4-2,0,0.6,
		
	,2,0,https://fbref.com/en/matches/c062bff0/Chelsea-Everton-March-8-2020-Premier-League,Chelsea,Home,990,4,4,0,0,18,11,1,0,773,130,17,8,12,1.9,1.9,1.8,31,8,583,664,87.8,38,607,43,24,33,2020-03-08,583,664,87.8,12276,3849,206,228,90.4,261,277,94.2,105,143,73.4,1.8,15,30,9,2,38,664,622,42,10,3,210,21,8,6,1,3,0,473,95,96,140,465,19,18,6,583,0,6,5,7,17,11,6,10,1,6,18,33.3,12,130,45,34.6,34,68,28,12,2,0,10,25,17,0,773,74,276,371,176,26,731,72.7,25,0,2453,1221,14,6,13,10,646,583,90.2,52,0,8,11,0,8,11,0,0,0,83,19,17,52.8,Kepa Arrizabalaga,ESP,25-157,2,0,2,100,0,11,18,61.1,3,39.4,35.2,7,71.4,54.9,6,2,33.3,0,11.5,https://fbref.com/en/squads/cff3d9bb/2019-2020/Chelsea-Stats,Chelsea,2020-03-08,14:00,Premier League,Matchweek 29,Sun,Home,W,4,0,Everton,1.9,0.6,61,40694,César Azpilicueta,4-3-3,Kevin Friend,
2020-03-08,Premier League,M,ENG,2019-2020,Sunday March 8, 2020,Premier League (Matchweek 29),Chelsea,4-3-3,4,1.9,
		
			Mason Mount · 14&rsquor; 
		
			Pedro · 21&rsquor; 
		
			Willian · 51&rsquor; 
		
			Olivier Giroud · 54&rsquor; 
		
	,1,0,Everton,4-4-2,0,0.6,
		
	,2,0,https://fbref.com/en/matches/c062bff0/Chelsea-Everton-March-8-2020-Premier-League,Everton,Away,990,0,0,0,0,4,2,2,0,524,284,18,5,9,0.6,0.6,0.5,6,0,344,433,79.4,27,324,28,11,18,2020-03-08,344,433,79.4,7507,2340,105,125,84,163,190,85.8,72,106,67.9,0.5,3,20,3,0,27,433,400,33,8,3,45,14,7,1,0,0,0,278,67,88,97,274,18,15,12,344,1,7,8,10,18,10,8,8,2,8,33,24.2,25,284,59,20.8,94,130,60,9,2,0,7,23,13,0,524,67,184,293,86,9,492,61.1,12,1,1676,932,9,3,15,11,399,344,86.2,34,0,13,8,1,7,10,0,0,0,84,17,19,47.2,Jordan Pickford,ENG,26-001,11,4,7,63.6,3.4,5,11,45.5,10,34.5,34.2,4,25,35.8,7,1,14.3,0,13,https://fbref.com/en/squads/cff3d9bb/2019-2020/Chelsea-Stats,Chelsea,2020-03-08,14:00,Premier League,Matchweek 29,Sun,Home,W,4,0,Everton,1.9,0.6,61,40694,César Azpilicueta,4-3-3,Kevin Friend,
2020-06-21,Premier League,M,ENG,2019-2020,Sunday June 21, 2020,Premier League (Matchweek 30),Aston Villa,4-3-3,1,1.1,
		
			Kortney Hause · 43&rsquor; 
		
	,2,0,Chelsea,4-3-3,2,1.3,
		
			 Christian Pulisic · 60&rsquor;
		
			 Olivier Giroud · 62&rsquor;
		
	,1,0,https://fbref.com/en/matches/827d4651/Aston-Villa-Chelsea-June-21-2020-Premier-League,Aston Villa,Home,990,1,0,0,0,8,4,2,0,389,165,10,6,24,1.1,1.1,0.6,15,1,177,275,64.4,17,166,14,2,7,2020-06-21,177,275,64.4,3865,1592,65,84,77.4,76,101,75.2,32,82,39,0.6,5,16,4,4,17,275,221,54,16,0,59,9,8,2,1,0,0,108,62,105,104,111,18,19,5,177,0,10,2,6,10,7,6,2,2,3,13,23.1,10,165,26,15.8,65,70,30,24,9,0,15,16,39,0,389,90,156,158,91,10,336,28.6,5,2,824,346,5,0,7,7,243,177,72.8,27,0,12,17,0,8,7,0,0,0,70,21,23,47.7,Ørjan Nyland,NOR,29-285,5,2,3,60,1.5,6,24,25,2,64.7,54.4,14,92.9,68.4,16,1,6.3,0,7,https://fbref.com/en/squads/cff3d9bb/2019-2020/Chelsea-Stats,Chelsea,2020-06-21,16:15,Premier League,Matchweek 30,Sun,Away,W,2,1,Aston Villa,1.3,1.1,73,NA,César Azpilicueta,4-3-3,Paul Tierney,
2020-06-21,Premier League,M,ENG,2019-2020,Sunday June 21, 2020,Premier League (Matchweek 30),Aston Villa,4-3-3,1,1.1,
		
			Kortney Hause · 43&rsquor; 
		
	,2,0,Chelsea,4-3-3,2,1.3,
		
			 Christian Pulisic · 60&rsquor;
		
			 Olivier Giroud · 62&rsquor;
		
	,1,0,https://fbref.com/en/matches/827d4651/Aston-Villa-Chelsea-June-21-2020-Premier-League,Chelsea,Away,990,2,2,0,0,19,5,1,0,831,116,9,2,8,1.3,1.3,1.2,28,4,631,749,84.2,61,564,82,10,13,2020-06-21,631,749,84.2,12687,3334,232,265,87.5,302,334,90.4,94,134,70.1,1.2,14,56,17,4,61,749,697,52,9,0,112,18,24,10,0,8,1,505,111,133,135,542,23,27,6,631,0,15,6,16,9,5,4,3,2,2,7,28.6,5,116,46,39.7,31,54,31,8,1,0,7,11,22,0,831,55,182,393,304,37,780,76.9,10,1,3030,1741,21,10,4,7,726,631,86.9,73,0,17,10,0,24,5,0,0,0,98,23,21,52.3,Kepa Arrizabalaga,ESP,25-262,4,1,3,75,1.1,3,10,30,4,30.8,32.5,4,50,42,7,0,0,1,21,https://fbref.com/en/squads/cff3d9bb/2019-2020/Chelsea-Stats,Chelsea,2020-06-21,16:15,Premier League,Matchweek 30,Sun,Away,W,2,1,Aston Villa,1.3,1.1,73,NA,César Azpilicueta,4-3-3,Paul Tierney,
2020-06-25,Premier League,M,ENG,2019-2020,Thursday June 25, 2020,Premier League (Matchweek 31),Chelsea,4-3-3,2,3.1,
		
			Christian Pulisic · 36&rsquor; 
		
			Willian (P) · 78&rsquor; 
		
	,1,0,Manchester City,4-3-3,1,0.5,
		
			 Kevin De Bruyne · 55&rsquor;
		
			 Fernandinho · 77&rsquor;
		
	,1,1,https://fbref.com/en/matches/bc237647/Chelsea-Manchester-City-June-25-2020-Premier-League,Chelsea,Home,990,2,0,1,1,14,6,1,0,488,171,9,7,16,3.8,3,1.3,18,2,325,399,81.5,19,269,26,8,11,2020-06-25,325,399,81.5,6591,2165,116,130,89.2,155,178,87.1,49,78,62.8,1.3,7,17,5,1,19,399,369,30,3,0,64,10,10,5,1,2,0,273,48,78,82,274,15,6,12,325,3,9,0,10,9,4,8,1,0,4,20,20,16,171,38,22.2,78,68,25,16,3,0,13,16,21,0,488,107,245,191,87,30,458,72.7,8,0,1443,877,8,6,7,7,371,325,87.6,26,0,14,4,3,10,4,0,0,0,72,17,5,77.3,Kepa Arrizabalaga,ESP,25-266,2,1,1,50,0.6,4,13,30.8,9,32.3,32.5,14,21.4,28.9,13,2,15.4,0,11.8,https://fbref.com/en/squads/cff3d9bb/2019-2020/Chelsea-Stats,Chelsea,2020-06-25,20:15,Premier League,Matchweek 31,Thu,Home,W,2,1,Manchester City,3.1,0.5,35,NA,César Azpilicueta,4-3-3,Stuart Attwell,
2020-06-25,Premier League,M,ENG,2019-2020,Thursday June 25, 2020,Premier League (Matchweek 31),Chelsea,4-3-3,2,3.1,
		
			Christian Pulisic · 36&rsquor; 
		
			Willian (P) · 78&rsquor; 
		
	,1,0,Manchester City,4-3-3,1,0.5,
		
			 Kevin De Bruyne · 55&rsquor;
		
			 Fernandinho · 77&rsquor;
		
	,1,1,https://fbref.com/en/matches/bc237647/Chelsea-Manchester-City-June-25-2020-Premier-League,Manchester City,Away,976,1,0,0,0,10,2,1,1,817,115,10,1,15,0.5,0.5,0.5,19,2,656,738,88.9,49,603,97,14,20,2020-06-25,656,738,88.9,13047,3002,252,270,93.3,295,313,94.2,103,140,73.6,0.5,8,58,9,2,49,738,693,45,15,2,69,25,15,7,6,0,0,548,108,82,325,375,12,16,7,656,1,9,6,13,10,9,6,3,1,3,11,27.3,8,115,45,39.1,27,50,38,15,5,2,10,11,12,1,817,61,177,459,237,26,773,70,16,0,3055,1741,21,6,11,5,690,656,95.1,55,0,4,14,1,15,9,0,0,0,65,5,17,22.7,Ederson,BRA,26-313,6,2,5,83.3,3,3,7,42.9,4,22.6,28.9,4,0,20.3,4,0,0,0,10.7,https://fbref.com/en/squads/cff3d9bb/2019-2020/Chelsea-Stats,Chelsea,2020-06-25,20:15,Premier League,Matchweek 31,Thu,Home,W,2,1,Manchester City,3.1,0.5,35,NA,César Azpilicueta,4-3-3,Stuart Attwell,
2020-07-01,Premier League,M,ENG,2019-2020,Wednesday July 1, 2020,Premier League (Matchweek 32),West Ham United,4-2-3-1,3,2.8,
		
			Tomáš Souček · 45+2&rsquor; 
		
			Michail Antonio · 51&rsquor; 
		
			Andriy Yarmolenko · 89&rsquor; 
		
	,2,0,Chelsea,4-3-3,2,1.6,
		
			 Willian (P) · 42&rsquor;
		
			 Willian · 72&rsquor;
		
	,1,0,https://fbref.com/en/matches/5df18070/West-Ham-United-Chelsea-July-1-2020-Premier-League,West Ham United,Home,990,3,3,0,0,11,4,2,0,422,157,17,7,15,2.8,2.8,1.8,15,5,219,305,71.8,19,229,20,5,15,2020-07-01,219,305,71.8,4340,2184,104,114,91.2,71,90,78.9,40,84,47.6,1.8,8,15,6,2,19,305,268,37,11,1,49,6,4,2,2,0,0,152,49,104,92,160,15,13,3,219,1,6,2,8,17,10,14,3,0,6,18,33.3,12,157,41,26.1,76,61,20,15,3,0,12,24,28,0,422,70,161,174,103,23,386,33.3,6,1,1063,462,7,5,13,11,256,219,85.5,24,0,10,9,2,4,10,0,1,0,83,24,18,57.1,Łukasz Fabiański,POL,35-074,5,2,4,80,1.9,9,22,40.9,1,87.5,60,8,100,68,20,0,0,0,7,https://fbref.com/en/squads/cff3d9bb/2019-2020/Chelsea-Stats,Chelsea,2020-07-01,20:15,Premier League,Matchweek 32,Wed,Away,L,2,3,West Ham,1.6,2.8,70,NA,César Azpilicueta,4-3-3,Martin Atkinson,
2020-07-01,Premier League,M,ENG,2019-2020,Wednesday July 1, 2020,Premier League (Matchweek 32),West Ham United,4-2-3-1,3,2.8,
		
			Tomáš Souček · 45+2&rsquor; 
		
			Michail Antonio · 51&rsquor; 
		
			Andriy Yarmolenko · 89&rsquor; 
		
	,2,0,Chelsea,4-3-3,2,1.6,
		
			 Willian (P) · 42&rsquor;
		
			 Willian · 72&rsquor;
		
	,1,0,https://fbref.com/en/matches/5df18070/West-Ham-United-Chelsea-July-1-2020-Premier-League,Chelsea,Away,990,2,0,1,1,16,5,1,0,801,103,20,3,11,1.6,0.9,0.8,26,4,604,695,86.9,42,558,85,11,18,2020-07-01,604,695,86.9,11183,3102,244,272,89.7,284,304,93.4,64,95,67.4,0.8,12,56,16,7,42,695,655,40,9,1,100,13,23,3,2,0,0,503,107,85,122,518,20,19,8,604,2,5,7,12,20,14,11,6,3,9,15,60,6,103,39,37.9,31,47,25,11,3,0,8,23,20,1,801,56,202,388,278,46,759,61.1,12,0,3795,2156,25,8,10,11,661,604,91.4,55,0,9,10,2,23,14,1,0,0,92,18,24,42.9,Kepa Arrizabalaga,ESP,25-272,4,3,1,25,2.8,0,1,0,4,3.8,21.5,5,0,27.2,4,0,0,0,15.3,https://fbref.com/en/squads/cff3d9bb/2019-2020/Chelsea-Stats,Chelsea,2020-07-01,20:15,Premier League,Matchweek 32,Wed,Away,L,2,3,West Ham,1.6,2.8,70,NA,César Azpilicueta,4-3-3,Martin Atkinson,
2020-07-04,Premier League,M,ENG,2019-2020,Saturday July 4, 2020,Premier League (Matchweek 33),Chelsea,4-3-3,3,2.3,
		
			Olivier Giroud · 28&rsquor; 
		
			Willian (P) · 43&rsquor; 
		
			Ross Barkley · 90+2&rsquor; 
		
	,0,0,Watford,4-2-3-1,0,0.4,
		
	,2,0,https://fbref.com/en/matches/ee7944f1/Chelsea-Watford-July-4-2020-Premier-League,Chelsea,Home,990,3,2,1,1,20,8,0,0,874,78,14,1,13,2.3,1.5,1.1,32,6,677,764,88.6,40,615,83,7,11,2020-07-04,677,764,88.6,12737,3188,274,306,89.5,306,329,93,85,107,79.4,1.1,10,58,13,1,40,764,729,35,8,1,125,17,15,5,1,2,0,574,100,90,103,605,20,17,7,677,1,8,7,11,14,12,6,6,2,3,14,21.4,11,78,33,42.3,18,40,20,13,1,0,12,15,21,0,874,59,220,471,242,34,838,63.6,7,1,3452,1848,22,6,15,15,739,677,91.6,45,0,13,14,1,15,12,1,0,0,104,15,11,57.7,Kepa Arrizabalaga,ESP,25-275,3,0,3,100,0.6,3,5,60,4,21.7,28.7,4,0,22.8,7,0,0,0,13.7,https://fbref.com/en/squads/cff3d9bb/2019-2020/Chelsea-Stats,Chelsea,2020-07-04,20:00,Premier League,Matchweek 33,Sat,Home,W,3,0,Watford,2.3,0.4,70,NA,César Azpilicueta,4-3-3,Kevin Friend,
2020-07-04,Premier League,M,ENG,2019-2020,Saturday July 4, 2020,Premier League (Matchweek 33),Chelsea,4-3-3,3,2.3,
		
			Olivier Giroud · 28&rsquor; 
		
			Willian (P) · 43&rsquor; 
		
			Ross Barkley · 90+2&rsquor; 
		
	,0,0,Watford,4-2-3-1,0,0.4,
		
	,2,0,https://fbref.com/en/matches/ee7944f1/Chelsea-Watford-July-4-2020-Premier-League,Watford,Away,990,0,0,0,0,6,3,2,0,433,185,19,7,19,0.4,0.4,0.3,11,0,247,332,74.4,20,278,24,11,14,2020-07-04,247,332,74.4,5079,2028,92,112,82.1,105,127,82.7,42,77,54.5,0.3,4,12,3,0,20,332,295,37,8,1,25,10,7,3,0,0,3,199,45,88,89,196,13,16,9,247,2,5,1,11,19,13,10,3,6,4,11,36.4,7,185,41,22.2,78,74,33,19,9,0,10,26,24,0,433,68,177,206,80,8,395,78.6,11,1,1242,559,11,0,12,11,312,247,79.2,23,0,14,13,2,7,13,0,1,0,63,11,15,42.3,Ben Foster,ENG,37-092,8,3,6,75,3.2,13,18,72.2,6,62.5,48.2,6,50,40.2,10,1,10,0,9.9,https://fbref.com/en/squads/cff3d9bb/2019-2020/Chelsea-Stats,Chelsea,2020-07-04,20:00,Premier League,Matchweek 33,Sat,Home,W,3,0,Watford,2.3,0.4,70,NA,César Azpilicueta,4-3-3,Kevin Friend,
2020-07-07,Premier League,M,ENG,2019-2020,Tuesday July 7, 2020,Premier League (Matchweek 34),Crystal Palace,4-5-1,2,1.4,
		
			Wilfried Zaha · 34&rsquor; 
		
			Christian Benteke · 72&rsquor; 
		
	,1,0,Chelsea,4-3-3,3,1.9,
		
			 Olivier Giroud · 6&rsquor;
		
			 Christian Pulisic · 27&rsquor;
		
			 Tammy Abraham · 71&rsquor;
		
	,0,0,https://fbref.com/en/matches/61407f3d/Crystal-Palace-Chelsea-July-7-2020-Premier-League,Crystal Palace,Home,990,2,1,0,0,13,4,1,0,568,155,22,8,16,1.4,1.4,1.1,16,4,335,434,77.2,41,321,34,11,19,2020-07-07,335,434,77.2,6959,2897,131,148,88.5,133,160,83.1,63,99,63.6,1.1,8,41,10,2,41,434,382,52,10,2,85,12,14,7,3,2,1,258,64,112,118,246,15,25,7,335,1,7,11,18,22,12,8,11,3,9,24,37.5,15,155,52,33.5,36,79,40,16,2,0,14,30,22,0,568,71,169,258,181,28,517,57.9,11,1,1624,791,8,4,17,15,412,335,81.3,57,0,15,11,1,14,12,0,0,0,96,34,15,69.4,Vicente Guaita,ESP,33-179,6,3,3,50,2.8,7,17,41.2,5,46.2,37.3,6,83.3,65.5,5,2,40,1,14.7,https://fbref.com/en/squads/cff3d9bb/2019-2020/Chelsea-Stats,Chelsea,2020-07-07,18:00,Premier League,Matchweek 34,Tue,Away,W,3,2,Crystal Palace,1.9,1.4,57,NA,César Azpilicueta,4-3-3,David Coote,
2020-07-07,Premier League,M,ENG,2019-2020,Tuesday July 7, 2020,Premier League (Matchweek 34),Crystal Palace,4-5-1,2,1.4,
		
			Wilfried Zaha · 34&rsquor; 
		
			Christian Benteke · 72&rsquor; 
		
	,1,0,Chelsea,4-3-3,3,1.9,
		
			 Olivier Giroud · 6&rsquor;
		
			 Christian Pulisic · 27&rsquor;
		
			 Tammy Abraham · 71&rsquor;
		
	,0,0,https://fbref.com/en/matches/61407f3d/Crystal-Palace-Chelsea-July-7-2020-Premier-League,Chelsea,Away,990,3,3,0,0,14,6,0,0,709,147,23,11,24,1.9,1.9,1.7,22,6,474,575,82.4,26,442,49,14,24,2020-07-07,474,575,82.4,9107,2945,207,234,88.5,192,219,87.7,67,98,68.4,1.7,12,27,6,1,26,575,526,49,12,1,58,20,9,9,7,2,0,381,73,121,78,433,24,20,8,474,0,9,8,14,23,10,10,10,3,8,19,42.1,11,147,46,31.3,64,62,21,24,6,0,18,34,23,0,709,75,241,374,145,23,664,58.3,15,0,2443,1268,15,5,10,13,544,474,87.1,35,0,11,15,0,9,10,0,0,0,100,15,34,30.6,Kepa Arrizabalaga,ESP,25-278,4,2,1,50,1.2,7,12,58.3,6,33.3,33,5,80,59.4,13,2,15.4,0,8.7,https://fbref.com/en/squads/cff3d9bb/2019-2020/Chelsea-Stats,Chelsea,2020-07-07,18:00,Premier League,Matchweek 34,Tue,Away,W,3,2,Crystal Palace,1.9,1.4,57,NA,César Azpilicueta,4-3-3,David Coote,
2020-07-11,Premier League,M,ENG,2019-2020,Saturday July 11, 2020,Premier League (Matchweek 35),Sheffield United,3-5-2,3,1.9,
		
			David McGoldrick · 18&rsquor; 
		
			Oliver McBurnie · 33&rsquor; 
		
			David McGoldrick · 77&rsquor; 
		
	,1,0,Chelsea,4-3-3,0,0.9,
		
	,0,0,https://fbref.com/en/matches/3f83499d/Sheffield-United-Chelsea-July-11-2020-Premier-League,Sheffield United,Home,990,3,1,0,0,9,4,1,0,384,137,8,7,17,1.9,1.9,0.9,14,3,177,282,62.8,14,181,13,7,11,2020-07-11,177,282,62.8,3485,1660,88,107,82.2,63,98,64.3,24,66,36.4,0.9,6,16,6,3,14,282,245,37,6,1,72,7,11,4,1,2,0,123,40,119,74,127,34,18,1,177,1,16,4,8,8,6,2,3,3,4,13,30.8,9,137,32,23.4,48,65,24,17,4,0,13,15,39,0,384,76,156,98,141,21,347,63.6,8,0,846,398,5,4,8,6,254,177,69.7,24,0,9,5,1,11,6,0,0,0,90,29,29,50,Dean Henderson,ENG,23-121,4,0,4,100,0.4,7,28,25,0,100,74.4,8,100,78.8,20,1,5,0,11.8,https://fbref.com/en/squads/cff3d9bb/2019-2020/Chelsea-Stats,Chelsea,2020-07-11,17:30,Premier League,Matchweek 35,Sat,Away,L,0,3,Sheffield Utd,0.9,1.9,75,NA,César Azpilicueta,4-3-3,Andre Marriner,
2020-07-11,Premier League,M,ENG,2019-2020,Saturday July 11, 2020,Premier League (Matchweek 35),Sheffield United,3-5-2,3,1.9,
		
			David McGoldrick · 18&rsquor; 
		
			Oliver McBurnie · 33&rsquor; 
		
			David McGoldrick · 77&rsquor; 
		
	,1,0,Chelsea,4-3-3,0,0.9,
		
	,0,0,https://fbref.com/en/matches/3f83499d/Sheffield-United-Chelsea-July-11-2020-Premier-League,Chelsea,Away,990,0,0,0,0,15,4,0,0,942,114,9,5,11,0.9,0.9,0.6,27,0,736,851,86.5,46,735,84,8,13,2020-07-11,736,851,86.5,14969,3515,236,260,90.8,388,422,91.9,107,154,69.5,0.6,12,48,13,5,46,851,794,57,8,0,94,27,23,6,2,2,1,616,112,123,114,663,20,32,5,736,0,8,7,13,9,6,4,5,0,3,11,27.3,8,114,35,30.7,55,24,35,11,3,0,8,14,26,1,942,67,290,487,241,24,889,61.5,9,2,4048,2175,26,2,12,4,786,736,93.6,53,0,6,9,0,23,6,0,0,0,94,29,29,50,Kepa Arrizabalaga,ESP,25-282,4,3,1,25,1.9,3,4,75,5,6.9,25.7,7,28.6,34.3,7,0,0,1,19.2,https://fbref.com/en/squads/cff3d9bb/2019-2020/Chelsea-Stats,Chelsea,2020-07-11,17:30,Premier League,Matchweek 35,Sat,Away,L,0,3,Sheffield Utd,0.9,1.9,75,NA,César Azpilicueta,4-3-3,Andre Marriner,
2020-07-14,Premier League,M,ENG,2019-2020,Tuesday July 14, 2020,Premier League (Matchweek 36),Chelsea,4-3-3,1,2.4,
		
			Olivier Giroud · 45+3&rsquor; 
		
	,2,0,Norwich City,4-1-4-1,0,0,
		
	,2,0,https://fbref.com/en/matches/88d08b7b/Chelsea-Norwich-City-July-14-2020-Premier-League,Chelsea,Home,990,1,1,0,0,22,6,2,0,914,166,13,2,15,2.4,2.4,2,36,2,722,818,88.3,54,678,82,11,14,2020-07-14,722,818,88.3,15025,3794,236,262,90.1,351,376,93.4,119,148,80.4,2,17,65,19,7,54,818,781,37,9,1,67,24,19,8,1,3,3,632,83,103,162,600,24,17,3,722,0,7,3,15,13,8,4,3,6,2,15,13.3,13,166,64,38.6,26,76,64,15,2,0,13,15,9,0,914,44,183,489,286,51,878,78.6,11,0,3523,1899,14,12,11,14,802,722,90,71,0,12,13,0,19,8,0,0,0,106,17,14,54.8,Kepa Arrizabalaga,ESP,25-285,0,0,0,NA,0,3,5,60,3,18.5,27.1,2,0,18,3,0,0,0,15,https://fbref.com/en/squads/cff3d9bb/2019-2020/Chelsea-Stats,Chelsea,2020-07-14,20:15,Premier League,Matchweek 36,Tue,Home,W,1,0,Norwich City,2.4,0,67,NA,César Azpilicueta,4-3-3,Jonathan Moss,
2020-07-14,Premier League,M,ENG,2019-2020,Tuesday July 14, 2020,Premier League (Matchweek 36),Chelsea,4-3-3,1,2.4,
		
			Olivier Giroud · 45+3&rsquor; 
		
	,2,0,Norwich City,4-1-4-1,0,0,
		
	,2,0,https://fbref.com/en/matches/88d08b7b/Chelsea-Norwich-City-July-14-2020-Premier-League,Norwich City,Away,990,0,0,0,0,2,0,2,0,512,170,17,3,19,0,0,0,2,0,318,411,77.4,19,302,26,12,15,2020-07-14,318,411,77.4,5989,2146,150,168,89.3,124,145,85.5,39,79,49.4,0,1,13,0,0,19,411,368,43,10,0,83,9,5,1,0,1,0,272,57,82,127,237,13,14,6,318,1,6,2,13,17,11,10,6,1,3,14,21.4,11,170,45,26.5,84,61,25,19,4,0,15,20,18,2,512,102,279,207,57,3,469,80,13,1,1681,776,8,2,16,11,393,318,80.9,23,0,13,11,1,5,11,0,0,0,81,14,17,45.2,Tim Krul,NED,32-102,6,1,4,83.3,1.5,10,25,40,5,52.8,39,16,37.5,37.6,12,0,0,3,17.8,https://fbref.com/en/squads/cff3d9bb/2019-2020/Chelsea-Stats,Chelsea,2020-07-14,20:15,Premier League,Matchweek 36,Tue,Home,W,1,0,Norwich City,2.4,0,67,NA,César Azpilicueta,4-3-3,Jonathan Moss,
2020-07-22,Premier League,M,ENG,2019-2020,Wednesday July 22, 2020,Premier League (Matchweek 37),Liverpool,4-3-3,5,1.4,
		
			Naby Keïta · 23&rsquor; 
		
			Trent Alexander-Arnold · 38&rsquor; 
		
			Georginio Wijnaldum · 43&rsquor; 
		
			Roberto Firmino · 54&rsquor; 
		
			Alex Oxlade-Chamberlain · 84&rsquor; 
		
	,1,0,Chelsea,3-4-3,3,2.3,
		
			 Olivier Giroud · 45+3&rsquor;
		
			 Tammy Abraham · 61&rsquor;
		
			 Christian Pulisic · 73&rsquor;
		
	,0,0,https://fbref.com/en/matches/a80ba6fe/Liverpool-Chelsea-July-22-2020-Premier-League,Liverpool,Home,990,5,3,0,0,10,7,1,0,714,123,18,4,10,1.4,1.4,1.1,14,7,490,616,79.5,31,473,24,17,20,2020-07-22,490,616,79.5,9786,3169,171,202,84.7,218,260,83.8,85,126,67.5,1.1,7,35,8,2,31,616,563,53,13,4,99,15,6,6,0,5,0,368,101,147,143,395,35,21,7,490,0,9,7,13,18,11,5,9,4,5,14,35.7,9,123,43,35,31,53,39,10,0,0,10,22,14,0,714,68,226,378,153,22,661,85,17,0,1960,899,13,3,16,11,533,490,91.9,41,0,12,12,0,6,11,0,0,0,111,17,18,48.6,Alisson,BRA,27-294,5,3,2,40,2.8,8,19,42.1,4,42.9,38.5,9,44.4,42.8,12,2,16.7,0,15,https://fbref.com/en/squads/cff3d9bb/2019-2020/Chelsea-Stats,Chelsea,2020-07-22,20:15,Premier League,Matchweek 37,Wed,Away,L,3,5,Liverpool,2.3,1.4,49,NA,César Azpilicueta,3-4-3,Andre Marriner,
2020-07-22,Premier League,M,ENG,2019-2020,Wednesday July 22, 2020,Premier League (Matchweek 37),Liverpool,4-3-3,5,1.4,
		
			Naby Keïta · 23&rsquor; 
		
			Trent Alexander-Arnold · 38&rsquor; 
		
			Georginio Wijnaldum · 43&rsquor; 
		
			Roberto Firmino · 54&rsquor; 
		
			Alex Oxlade-Chamberlain · 84&rsquor; 
		
	,1,0,Chelsea,3-4-3,3,2.3,
		
			 Olivier Giroud · 45+3&rsquor;
		
			 Tammy Abraham · 61&rsquor;
		
			 Christian Pulisic · 73&rsquor;
		
	,0,0,https://fbref.com/en/matches/a80ba6fe/Liverpool-Chelsea-July-22-2020-Premier-League,Chelsea,Away,990,3,2,0,0,10,5,0,0,713,199,13,9,14,2.6,2.6,1.7,17,5,489,591,82.7,37,449,49,9,14,2020-07-22,489,591,82.7,10837,3067,171,187,91.4,212,247,85.8,102,145,70.3,1.7,8,38,6,2,37,591,557,34,8,1,55,22,16,0,0,0,0,376,69,146,132,402,20,15,8,489,3,8,4,10,13,4,7,4,2,2,19,10.5,17,199,51,25.6,55,90,54,14,1,0,13,22,32,0,713,87,294,310,139,17,679,64.3,9,3,2222,1181,10,4,12,13,567,489,86.2,43,0,14,12,3,16,4,0,0,0,107,18,17,51.4,Kepa Arrizabalaga,ESP,25-293,7,5,2,28.6,2.4,11,21,52.4,6,57.6,39,5,40,37.8,5,0,0,1,19,https://fbref.com/en/squads/cff3d9bb/2019-2020/Chelsea-Stats,Chelsea,2020-07-22,20:15,Premier League,Matchweek 37,Wed,Away,L,3,5,Liverpool,2.3,1.4,49,NA,César Azpilicueta,3-4-3,Andre Marriner,
2020-07-26,Premier League,M,ENG,2019-2020,Sunday July 26, 2020,Premier League (Matchweek 38),Chelsea,3-4-3,2,1.3,
		
			Mason Mount · 45+1&rsquor; 
		
			Olivier Giroud · 45+4&rsquor; 
		
	,2,0,Wolverhampton Wanderers,3-4-3,0,0.2,
		
	,3,0,https://fbref.com/en/matches/9cca4ba0/Chelsea-Wolverhampton-Wanderers-July-26-2020-Premier-League,Chelsea,Home,990,2,1,0,0,11,3,2,0,804,145,33,6,15,1.3,1.3,1.2,15,3,544,655,83.1,39,548,46,5,12,2020-07-26,544,655,83.1,10757,3594,203,226,89.8,246,272,90.4,86,130,66.2,1.2,8,35,7,2,39,655,603,52,16,3,79,14,8,3,2,1,0,481,77,97,144,447,21,26,7,544,3,7,4,17,33,15,14,15,4,2,11,18.2,9,145,57,39.3,38,76,31,15,2,0,13,39,27,0,804,72,255,429,162,22,753,41.7,5,0,2105,1101,14,4,14,19,632,544,86.1,50,0,12,18,3,8,15,0,0,0,116,24,23,51.1,Willy Caballero,ARG,38-302,1,0,1,100,0,9,15,60,5,44.1,35.9,6,0,16.2,2,0,0,0,9.7,https://fbref.com/en/squads/cff3d9bb/2019-2020/Chelsea-Stats,Chelsea,2020-07-26,16:00,Premier League,Matchweek 38,Sun,Home,W,2,0,Wolves,1.3,0.2,63,NA,César Azpilicueta,3-4-3,Stuart Attwell,
2020-07-26,Premier League,M,ENG,2019-2020,Sunday July 26, 2020,Premier League (Matchweek 38),Chelsea,3-4-3,2,1.3,
		
			Mason Mount · 45+1&rsquor; 
		
			Olivier Giroud · 45+4&rsquor; 
		
	,2,0,Wolverhampton Wanderers,3-4-3,0,0.2,
		
	,3,0,https://fbref.com/en/matches/9cca4ba0/Chelsea-Wolverhampton-Wanderers-July-26-2020-Premier-League,Wolverhampton Wanderers,Away,990,0,0,0,0,5,1,3,0,527,161,26,4,20,0.2,0.2,0.2,6,0,268,385,69.6,25,278,12,9,11,2020-07-26,268,385,69.6,5587,2259,113,138,81.9,101,140,72.1,53,94,56.4,0.2,4,15,1,0,25,385,330,55,13,0,45,12,6,3,2,1,0,171,106,108,92,220,24,29,4,268,1,11,5,13,26,15,12,13,1,7,12,58.3,5,161,42,26.1,57,83,21,20,3,0,17,30,32,0,527,46,176,274,103,8,472,81.8,9,0,948,455,4,1,14,31,335,268,80,33,0,18,11,1,6,15,0,0,0,109,23,24,48.9,Rui Patrício,POR,32-162,3,2,1,33.3,1.1,8,18,44.4,1,78.6,54.2,7,100,61.1,7,0,0,0,15.7,https://fbref.com/en/squads/cff3d9bb/2019-2020/Chelsea-Stats,Chelsea,2020-07-26,16:00,Premier League,Matchweek 38,Sun,Home,W,2,0,Wolves,1.3,0.2,63,NA,César Azpilicueta,3-4-3,Stuart Attwell,
